chr1	1523	2051
chr1	3259	3279
chr1	4996	5239
chr1	7266	7301
chr1	9817	9913
chr1	10827	11873
chr1	12310	12467
chr1	13015	13132
chr1	13557	13713
chr1	13994	14088
chr1	14876	14913
chr1	23180	23269
chr1	23736	23860
chr1	25443	25912
chr1	26880	27022
chr1	27441	27594
chr1	29206	29244
chr1	29606	29721
chr1	31067	31188
chr1	31505	31513
chr1	31818	32056
chr1	33153	33223
chr1	33552	33581
chr1	33793	34294
chr1	38946	39055
chr1	39828	39876
chr1	41201	41303
chr1	41911	42003
chr1	42350	42432
chr1	43364	43561
chr1	46470	46580
chr1	47206	47365
chr1	48099	48232
chr1	49026	49042
chr1	49938	50020
chr1	51123	51184
chr1	51726	51827
chr1	52696	52830
chr1	53243	53662
chr1	57377	57409
chr1	57972	58191
chr1	58481	58585
chr1	59079	59121
chr1	59375	59408
chr1	59866	59895
chr1	63019	63199
chr1	63891	63908
chr1	64966	65011
chr1	65349	65551
chr1	66693	66922
chr1	68361	68619
chr1	71558	71588
chr1	72221	72273
chr1	74510	74628
chr1	75197	75300
chr1	76211	76236
chr1	78895	79485
chr1	80192	80623
chr1	81672	81675
chr1	82667	82747
chr1	83982	83995
chr1	85167	85182
chr1	85571	85635
chr1	86465	86527
chr1	87132	87207
chr1	88003	88203
chr1	89479	89574
chr1	89918	89923
chr1	92321	92327
chr1	93277	93288
chr1	96891	96926
chr1	97600	97757
chr1	98350	98479
chr1	99249	99683
chr1	100450	100582
chr1	103662	103709
chr1	104662	104804
chr1	105214	105323
chr1	106714	106733
chr1	108150	108155
chr1	109777	109782
chr1	117538	117713
chr1	119698	119914
chr1	122172	122316
chr1	123830	123979
chr1	124263	124373
chr1	125569	125642
chr1	130540	130894
chr1	131103	131381
chr1	132871	133019
chr1	133768	133949
chr1	136006	136288
chr1	137244	137318
chr1	137908	137940
chr1	139672	140266
chr1	141021	141199
chr1	143875	144048
chr1	145625	145626
chr1	147770	147907
chr1	148341	148490
chr1	149223	149532
chr1	150995	151147
chr1	152214	152323
chr1	154128	154231
chr1	155598	155666
chr1	156445	156577
chr1	157599	157846
chr1	158301	158314
chr1	159657	159699
chr1	160781	160868
chr1	161473	161770
chr1	163248	163365
chr1	164690	164711
chr1	165259	165322
chr1	165825	165826
chr1	166848	166909
chr1	167680	167710
chr1	168636	168703
chr1	170181	170283
chr1	171125	171214
chr1	172167	172210
chr1	173142	173237
chr1	174757	174832
chr1	175692	175699
chr1	176951	177542
chr1	179308	179318
chr1	180895	181154
chr1	181984	181986
chr1	183197	183621
chr1	184721	184722
chr1	186478	186494
chr1	186622	186784
chr1	187428	187432
chr1	188838	188930
chr1	190438	190606
chr1	191955	191983
chr1	193571	193625
chr1	194110	194143
chr1	194814	194992
chr1	196656	196860
chr1	197657	197659
chr1	198528	198533
chr1	206777	206813
chr1	209671	209702
chr1	210811	210891
chr1	212249	212276
chr1	213010	213027
chr1	214926	214968
chr1	216223	216268
chr1	218343	218389
chr1	218550	218704
chr1	219366	219485
chr1	219916	219995
chr1	221722	221870
chr1	222160	222288
chr1	223529	223563
chr1	224663	224723
chr1	226570	226877
chr1	230461	230898
chr1	231533	231646
chr1	236506	236549
chr1	241291	241513
chr1	241923	241975
chr1	243213	243383
chr1	247317	247383
chr1	248111	248114
chr1	248905	249037
chr1	251597	251781
chr1	253601	253668
chr1	255949	256063
chr1	257676	257782
chr1	258855	258912
chr1	260830	260923
chr1	262251	262253
chr1	262801	262811
chr1	264022	264066
chr1	265475	265506
chr1	266294	266300
chr1	267763	267862
chr1	268626	268662
chr1	269816	269833
chr1	271563	271573
chr1	272838	273054
chr1	274277	274305
chr1	275962	276057
chr1	277763	277898
chr1	279528	279604
chr1	281139	281165
chr1	282613	282648
chr1	286850	286897
chr1	287070	287185
chr1	288351	288427
chr1	289041	289103
chr1	289336	289344
chr1	289781	289811
chr1	290653	290664
chr1	292028	292170
chr1	293492	293797
chr1	295632	296004
chr1	296492	296808
chr1	298861	298862
chr1	300802	300833
chr1	301654	301734
chr1	302027	302172
chr1	302651	302865
chr1	305426	305452
chr1	305808	305824
chr1	306348	306373
chr1	307857	307876
chr1	309546	309698
chr1	310072	310293
chr1	310748	310773
chr1	312658	312758
chr1	314167	314308
chr1	314853	314863
chr1	315765	315782
chr1	316414	316510
chr1	317502	317524
chr1	321153	321330
chr1	322721	322763
chr1	323272	323337
chr1	324530	324566
chr1	326248	326265
chr1	328460	328574
chr1	330324	330421
chr1	331657	331747
chr1	332667	332707
chr1	333135	333436
chr1	336309	336559
chr1	339072	339363
chr1	340973	340997
chr1	341905	342129
chr1	349931	349934
chr1	351475	351524
chr1	351817	351847
chr1	352137	352148
chr1	353035	353082
chr1	358063	358170
chr1	359747	359757
chr1	361154	361333
chr1	363108	363251
chr1	363777	363825
chr1	364468	364604
chr1	366141	366149
chr1	372763	372819
chr1	375710	375913
chr1	377054	377112
chr1	377828	377930
chr1	378586	378656
chr1	379147	379171
chr1	380400	380555
chr1	382417	382489
chr1	382875	382878
chr1	383540	383601
chr1	384485	384534
chr1	385148	385172
chr1	385942	386304
chr1	387098	387147
chr1	387815	387887
chr1	388549	388581
chr1	389153	389259
chr1	391250	391351
chr1	392031	392038
chr1	392262	392272
chr1	394044	394110
chr1	395319	395346
chr1	396086	396200
chr1	397366	397441
chr1	398226	398253
chr1	398627	398657
chr1	399523	399534
chr1	400049	400191
chr1	401702	401872
chr1	403161	403192
chr1	405840	405949
chr1	408447	408633
chr1	409172	409361
chr1	410800	410837
chr1	414237	414380
chr1	414940	415049
chr1	415459	415501
chr1	416964	417303
chr1	418289	418292
chr1	418945	418948
chr1	419607	419834
chr1	422415	422451
chr1	424018	424268
chr1	424693	424776
chr1	434678	434829
chr1	436768	436859
chr1	437506	437517
chr1	438296	438301
chr1	438738	438821
chr1	439648	439870
chr1	441252	441264
chr1	442298	442394
chr1	444196	444221
chr1	444814	444843
chr1	445232	445313
chr1	446524	446530
chr1	447045	447146
chr1	449384	449403
chr1	452278	452293
chr1	453153	453229
chr1	454371	454420
chr1	455385	455636
chr1	455857	455976
chr1	456191	456267
chr1	456818	456914
chr1	457822	457840
chr1	458379	458460
chr1	459314	459455
chr1	462001	462134
chr1	463306	463410
chr1	466667	466671
chr1	467405	467458
chr1	468000	468334
chr1	472638	472780
chr1	474105	474121
chr1	474840	474939
chr1	475343	475349
chr1	475741	475815
chr1	476183	476393
chr1	476641	476678
chr1	477319	477326
chr1	478555	478565
chr1	479752	479788
chr1	480159	480354
chr1	483655	483976
chr1	490704	490782
chr1	495007	495061
chr1	499618	499712
chr1	501017	501147
chr1	503123	503495
chr1	504997	505085
chr1	506970	507131
chr1	508554	508581
chr1	510224	510376
chr1	510651	510701
chr1	515320	515372
chr1	515815	516016
chr1	516891	516894
chr1	518395	518732
chr1	519040	519072
chr1	519566	519599
chr1	520321	520323
chr1	521453	521513
chr1	522166	522346
chr1	526081	526142
chr1	527359	527378
chr1	528313	528607
chr1	530229	530295
chr1	530723	530750
chr1	532213	532395
chr1	532910	533090
chr1	533788	533832
chr1	534395	534444
chr1	535214	535223
chr1	537168	537228
chr1	538547	538587
chr1	541909	542141
chr1	542851	543173
chr1	544729	544834
chr1	545184	545374
chr1	545820	545888
chr1	546802	547075
chr1	547516	547585
chr1	549606	549674
chr1	551688	551748
chr1	551987	552025
chr1	552549	552613
chr1	554007	554015
chr1	554308	554312
chr1	556305	556457
chr1	557251	557526
chr1	558812	558894
chr1	559754	559887
chr1	560747	560847
chr1	561710	561853
chr1	562712	562722
chr1	563426	563563
chr1	564933	565020
chr1	565442	565796
chr1	566395	566507
chr1	566770	566775
chr1	567895	567920
chr1	569805	569987
chr1	570511	570538
chr1	571647	571709
chr1	573800	573983
chr1	575299	575347
chr1	577337	577663
chr1	578268	578425
chr1	579174	579348
chr1	580580	580808
chr1	584689	584694
chr1	585422	585423
chr1	586313	586393
chr1	588308	588324
chr1	589166	589182
chr1	590057	590082
chr1	590969	591110
chr1	591346	591474
chr1	591575	591653
chr1	592783	592790
chr1	593866	593870
chr1	594778	594801
chr1	595301	595463
chr1	596584	596758
chr1	600390	600440
chr1	601846	601856
chr1	602785	602818
chr1	604515	604601
chr1	605590	605603
chr1	606447	606550
chr1	608534	608745
chr1	610055	610187
chr1	610882	611171
chr1	612073	612254
chr1	612902	613037
chr1	614720	614834
chr1	616830	616845
chr1	618271	618304
chr1	620864	620906
chr1	622281	622328
chr1	622645	622792
chr1	625479	625561
chr1	626439	626456
chr1	628287	628297
chr1	629730	630039
chr1	631685	631742
chr1	633033	633054
chr1	634403	634415
chr1	635503	635572
chr1	635874	635934
chr1	637462	637582
chr1	637968	638031
chr1	638915	639011
chr1	639955	640227
chr1	640903	641095
chr1	642810	642888
chr1	646254	646297
chr1	648473	648535
chr1	649671	649688
chr1	650392	650406
chr1	650744	650778
chr1	651503	651528
chr1	652754	652770
chr1	653777	653878
chr1	654738	654923
chr1	655948	656009
chr1	657469	657547
chr1	658038	658320
chr1	659339	659449
chr1	660867	661002
chr1	661268	661294
chr1	663372	663486
chr1	664817	665041
chr1	665382	665850
chr1	667241	667251
chr1	668393	668578
chr1	669744	669847
chr1	671151	671165
chr1	671950	671995
chr1	675915	676237
chr1	676995	677124
chr1	677615	677709
chr1	678328	678388
chr1	679074	679228
chr1	681861	681884
chr1	684271	684409
chr1	685925	685927
chr1	686814	686820
chr1	693231	693236
chr1	694786	694838
chr1	695484	695667
chr1	696902	697153
chr1	697799	697903
chr1	698409	698523
chr1	698993	699037
chr1	699798	699855
chr1	700166	700238
chr1	701188	701405
chr1	702013	702015
chr1	702758	702812
chr1	703198	703243
chr1	704056	704751
chr1	705908	705960
chr1	706928	706947
chr1	711406	711535
chr1	713806	714201
chr1	715265	715369
chr1	716316	716409
chr1	717058	717152
chr1	717892	718024
chr1	718688	718760
chr1	719911	720004
chr1	728305	728582
chr1	729277	729326
chr1	730165	730319
chr1	731032	731112
chr1	731363	731711
chr1	731878	731929
chr1	732820	732824
chr1	733324	733736
chr1	734221	734253
chr1	734969	735021
chr1	735449	735516
chr1	736223	736297
chr1	737202	737267
chr1	738148	738296
chr1	739159	739326
chr1	740186	740233
chr1	741138	741150
chr1	742616	742718
chr1	747944	748275
chr1	748811	748848
chr1	749928	749999
chr1	751504	751516
chr1	752595	752983
chr1	753366	753461
chr1	753616	753692
chr1	754408	754684
chr1	755224	755334
chr1	756022	756136
chr1	758499	758531
chr1	759308	759806
chr1	763324	763369
chr1	767319	767683
chr1	769596	769791
chr1	770549	770581
chr1	771423	771483
chr1	773111	773122
chr1	774060	774063
chr1	775573	775585
chr1	778904	778989
chr1	779486	779542
chr1	780039	780041
chr1	780415	780720
chr1	781310	781559
chr1	782403	782484
chr1	784589	784820
chr1	786010	786148
chr1	786945	787098
chr1	787925	787939
chr1	789410	790023
chr1	793331	793334
chr1	794524	794714
chr1	795469	795518
chr1	796930	796932
chr1	798371	798832
chr1	799443	799628
chr1	799849	800486
chr1	800791	800808
chr1	802434	802527
chr1	803369	803410
chr1	805105	805109
chr1	806165	806334
chr1	808697	808745
chr1	809644	809945
chr1	810886	811372
chr1	811740	811741
chr1	812621	812626
chr1	812811	812975
chr1	813373	813397
chr1	813936	813939
chr1	814307	814327
chr1	814989	814992
chr1	815629	815662
chr1	818443	818536
chr1	819639	819842
chr1	821475	821506
chr1	822852	822865
chr1	823593	823682
chr1	824638	824799
chr1	826666	826669
chr1	827469	827542
chr1	828075	828139
chr1	828891	829206
chr1	829703	830061
chr1	830609	830854
chr1	831660	831775
chr1	832302	832533
chr1	832847	832980
chr1	833507	833885
chr1	834945	835153
chr1	835680	835700
chr1	838051	838450
chr1	840855	840946
chr1	841203	841227
chr1	841655	841736
chr1	841873	842032
chr1	842277	842346
chr1	843230	843241
chr1	844413	844420
chr1	845952	846158
chr1	847912	848102
chr1	850039	850341
chr1	850526	850740
chr1	851465	851607
chr1	852350	852395
chr1	854156	854266
chr1	854685	854698
chr1	855825	855924
chr1	856469	856472
chr1	856678	856681
chr1	860709	860911
chr1	862380	862411
chr1	863157	863255
chr1	864573	864585
chr1	867388	867439
chr1	868350	868406
chr1	869762	870007
chr1	871425	871430
chr1	873291	873342
chr1	876389	876817
chr1	878439	878637
chr1	879323	879339
chr1	881039	881074
chr1	882417	882523
chr1	883433	883450
chr1	884049	884071
chr1	886645	886718
chr1	887023	887136
chr1	888635	889071
chr1	890332	890387
chr1	893272	893317
chr1	894618	894630
chr1	895627	895819
chr1	898709	898830
chr1	901329	901634
chr1	902023	902110
chr1	903693	903724
chr1	904818	904904
chr1	905086	905233
chr1	906339	906422
chr1	907291	907337
chr1	908017	908180
chr1	908482	908484
chr1	909317	909610
chr1	910841	910971
chr1	912682	912725
chr1	913501	913557
chr1	914198	914256
chr1	916310	916476
chr1	917645	917733
chr1	918749	918911
chr1	919552	919633
chr1	920688	920740
chr1	921132	921190
chr1	921864	921969
chr1	922874	922893
chr1	923708	924950
chr1	927609	927836
chr1	930484	930952
chr1	931596	932278
chr1	932931	933002
chr1	934030	934719
chr1	935489	935576
chr1	936388	936456
chr1	937316	937592
chr1	937834	938111
chr1	940391	940455
chr1	941105	941189
chr1	942466	942679
chr1	944193	944342
chr1	944734	944937
chr1	948467	948558
chr1	949394	949435
chr1	951117	951182
chr1	951625	951631
chr1	952710	952824
chr1	953228	953256
chr1	954919	955076
chr1	956287	956292
chr1	958454	958522
chr1	960150	960341
chr1	962879	962889
chr1	964293	964311
chr1	965534	965982
chr1	966260	966264
chr1	967732	967897
chr1	968304	968423
chr1	970243	970504
chr1	972456	972545
chr1	973705	973805
chr1	975936	976074
chr1	976862	976871
chr1	978202	978480
chr1	978755	978933
chr1	981266	981423
chr1	982553	982761
chr1	983783	983802
chr1	985970	987232
chr1	988704	988739
chr1	989860	989947
chr1	992595	992597
chr1	993454	993852
chr1	996294	996523
chr1	997704	997781
chr1	999298	999471
chr1	1000766	1000807
chr1	1002414	1002440
chr1	1002703	1002811
chr1	1003791	1003804
chr1	1004483	1004500
chr1	1005840	1005851
chr1	1006561	1006692
chr1	1008179	1008206
chr1	1008937	1008943
chr1	1010061	1010135
chr1	1014123	1014680
chr1	1014859	1014865
chr1	1015299	1015397
chr1	1016170	1016235
chr1	1016684	1017216
chr1	1018724	1018726
chr1	1019964	1020057
chr1	1021328	1021343
chr1	1021642	1022086
chr1	1023867	1024210
chr1	1025183	1025496
chr1	1026815	1027103
chr1	1029336	1029512
chr1	1030576	1030577
chr1	1031863	1031895
chr1	1032632	1032709
chr1	1033785	1033839
chr1	1034630	1034902
chr1	1036014	1036027
chr1	1039913	1039935
chr1	1041047	1041263
chr1	1042093	1042114
chr1	1043238	1043298
chr1	1044314	1044316
chr1	1046019	1046135
chr1	1050345	1050592
chr1	1051458	1051543
chr1	1052316	1052359
chr1	1052637	1052695
chr1	1053735	1053764
chr1	1054240	1054246
chr1	1055007	1055023
chr1	1056684	1057645
chr1	1057962	1058259
chr1	1060574	1060655
chr1	1061653	1061963
chr1	1063126	1063139
chr1	1064050	1064113
chr1	1064961	1065126
chr1	1066037	1066077
chr1	1067444	1067560
chr1	1069775	1069882
chr1	1073272	1073326
chr1	1073927	1074073
chr1	1074420	1074439
chr1	1075113	1075296
chr1	1076096	1076195
chr1	1076677	1076777
chr1	1077196	1077232
chr1	1077834	1077974
chr1	1078333	1078390
chr1	1078686	1078742
chr1	1081683	1081774
chr1	1085749	1085755
chr1	1087344	1087347
chr1	1090174	1090372
chr1	1093143	1093360
chr1	1094355	1094669
chr1	1094863	1094885
chr1	1095058	1095077
chr1	1096450	1096821
chr1	1099021	1099065
chr1	1101004	1101024
chr1	1101479	1101802
chr1	1105108	1105115
chr1	1106275	1106404
chr1	1107381	1107442
chr1	1108098	1108171
chr1	1108503	1108577
chr1	1109170	1109271
chr1	1110191	1110268
chr1	1111548	1111611
chr1	1112222	1112383
chr1	1113459	1114292
chr1	1114723	1114747
chr1	1115748	1115766
chr1	1116524	1116530
chr1	1117147	1117184
chr1	1118392	1118427
chr1	1119938	1120021
chr1	1120878	1120888
chr1	1122147	1122221
chr1	1123597	1123713
chr1	1125416	1125443
chr1	1127002	1127088
chr1	1127882	1128090
chr1	1130104	1130190
chr1	1131110	1131127
chr1	1131420	1131624
chr1	1133258	1133332
chr1	1133907	1133920
chr1	1134567	1134784
chr1	1135464	1135500
chr1	1136480	1136572
chr1	1138059	1138314
chr1	1138907	1138966
chr1	1143647	1143735
chr1	1144466	1144563
chr1	1145852	1145857
chr1	1146543	1146560
chr1	1147977	1148426
chr1	1151685	1151919
chr1	1156421	1156425
chr1	1157954	1157962
chr1	1158735	1158917
chr1	1159306	1159374
chr1	1160060	1160094
chr1	1160432	1160543
chr1	1160827	1160854
chr1	1161150	1161296
chr1	1162471	1162548
chr1	1163375	1164571
chr1	1165498	1165780
chr1	1166805	1167052
chr1	1168553	1168703
chr1	1169227	1169422
chr1	1170669	1171037
chr1	1172152	1172385
chr1	1172831	1172880
chr1	1173785	1173944
chr1	1174699	1175722
chr1	1176285	1176927
chr1	1177372	1177627
chr1	1178391	1179395
chr1	1180576	1180683
chr1	1182314	1182390
chr1	1183454	1183507
chr1	1183980	1184014
chr1	1184877	1184882
chr1	1185739	1185740
chr1	1186822	1186903
chr1	1187322	1187434
chr1	1188392	1188420
chr1	1190423	1190756
chr1	1192147	1192509
chr1	1195042	1195054
chr1	1196091	1196278
chr1	1197114	1197230
chr1	1198081	1198155
chr1	1199372	1199425
chr1	1200369	1200766
chr1	1201659	1201716
chr1	1203110	1203312
chr1	1204034	1204066
chr1	1205232	1205303
chr1	1205797	1205983
chr1	1206417	1206519
chr1	1209656	1209755
chr1	1210483	1210594
chr1	1211382	1211559
chr1	1213862	1214039
chr1	1214359	1214512
chr1	1215130	1215516
chr1	1216053	1216468
chr1	1219029	1219247
chr1	1220185	1220573
chr1	1221853	1221958
chr1	1222785	1222996
chr1	1224297	1224384
chr1	1225259	1225262
chr1	1227564	1227595
chr1	1229383	1229390
chr1	1230547	1230659
chr1	1231290	1231300
chr1	1231989	1232310
chr1	1232825	1232843
chr1	1233955	1233965
chr1	1236094	1236184
chr1	1237191	1237208
chr1	1238191	1238254
chr1	1239327	1239415
chr1	1239983	1240186
chr1	1240884	1241002
chr1	1241389	1241632
chr1	1241955	1241970
chr1	1242830	1242863
chr1	1243503	1243706
chr1	1245106	1245128
chr1	1247051	1247126
chr1	1248076	1248081
chr1	1249325	1249329
chr1	1251403	1251616
chr1	1252971	1253073
chr1	1254533	1254554
chr1	1257312	1257324
chr1	1259054	1259066
chr1	1261345	1261921
chr1	1262157	1262271
chr1	1264127	1264313
chr1	1264555	1264605
chr1	1264946	1265086
chr1	1265454	1265471
chr1	1266984	1267346
chr1	1268194	1268202
chr1	1269008	1269151
chr1	1269957	1270061
chr1	1271143	1271155
chr1	1271907	1272422
chr1	1273333	1273354
chr1	1274766	1274899
chr1	1275549	1276299
chr1	1277747	1277892
chr1	1278299	1278903
chr1	1279616	1279654
chr1	1281871	1282305
chr1	1282892	1283055
chr1	1284170	1284178
chr1	1284861	1284991
chr1	1286567	1286594
chr1	1287019	1287327
chr1	1291025	1291064
chr1	1292740	1292797
chr1	1293402	1293405
chr1	1294145	1294167
chr1	1296053	1296151
chr1	1298058	1298086
chr1	1298691	1298763
chr1	1299803	1299821
chr1	1300123	1300303
chr1	1301214	1301306
chr1	1301746	1301754
chr1	1302680	1302930
chr1	1305500	1305668
chr1	1306000	1306201
chr1	1308791	1309004
chr1	1309330	1309363
chr1	1310451	1310479
chr1	1313298	1313724
chr1	1315190	1315233
chr1	1319981	1320034
chr1	1321452	1321519
chr1	1324527	1324531
chr1	1325610	1325775
chr1	1327511	1327688
chr1	1329304	1329389
chr1	1332009	1332091
chr1	1332963	1332979
chr1	1333857	1333930
chr1	1334844	1334926
chr1	1335753	1335793
chr1	1337214	1337247
chr1	1338512	1339002
chr1	1339301	1339348
chr1	1340523	1340658
chr1	1340954	1341005
chr1	1341289	1341357
chr1	1342604	1342941
chr1	1345168	1345259
chr1	1346904	1346935
chr1	1348623	1348718
chr1	1349281	1349331
chr1	1351124	1351190
chr1	1353117	1353156
chr1	1354135	1354242
chr1	1354469	1354497
chr1	1355660	1355835
chr1	1357049	1357292
chr1	1357624	1357758
chr1	1359443	1359471
chr1	1360145	1360154
chr1	1363360	1363502
chr1	1364149	1364412
chr1	1365185	1365343
chr1	1365807	1365874
chr1	1367460	1367462
chr1	1367857	1367890
chr1	1368720	1368831
chr1	1370824	1370919
chr1	1371476	1371776
chr1	1372948	1372961
chr1	1374196	1374321
chr1	1376167	1376229
chr1	1376825	1376975
chr1	1377502	1377523
chr1	1379849	1379854
chr1	1380678	1380683
chr1	1381864	1381941
chr1	1383041	1383212
chr1	1384201	1384277
chr1	1384965	1384988
chr1	1386676	1386856
chr1	1387716	1387797
chr1	1388627	1388684
chr1	1389243	1389356
chr1	1393051	1393193
chr1	1393981	1394178
chr1	1399239	1399295
chr1	1399903	1399969
chr1	1404602	1404716
chr1	1408237	1408239
chr1	1409357	1409483
chr1	1409932	1409937
chr1	1410371	1410430
chr1	1411818	1411893
chr1	1413086	1413259
chr1	1413939	1413959
chr1	1415839	1416180
chr1	1417346	1417657
chr1	1418355	1418578
chr1	1418952	1419013
chr1	1419747	1419960
chr1	1420301	1420409
chr1	1424049	1424196
chr1	1425292	1425437
chr1	1425913	1426163
chr1	1430040	1430061
chr1	1431647	1431664
chr1	1437116	1437323
chr1	1437814	1437908
chr1	1440750	1440804
chr1	1441289	1441347
chr1	1442717	1442766
chr1	1443398	1443481
chr1	1445046	1445057
chr1	1445371	1445498
chr1	1445833	1446378
chr1	1449370	1449374
chr1	1451778	1451996
chr1	1452946	1453203
chr1	1455011	1455162
chr1	1455404	1455494
chr1	1457541	1457557
chr1	1458210	1458294
chr1	1459508	1459765
chr1	1460995	1461044
chr1	1461289	1461320
chr1	1461835	1461842
chr1	1463182	1463227
chr1	1464876	1464883
chr1	1465800	1465840
chr1	1467300	1467314
chr1	1467679	1467687
chr1	1468130	1468170
chr1	1469504	1469670
chr1	1470251	1470320
chr1	1471576	1477133
chr1	1479117	1479198
chr1	1480823	1480893
chr1	1482500	1482513
chr1	1484216	1484278
chr1	1484958	1484981
chr1	1485277	1485312
chr1	1485770	1485861
chr1	1487030	1487160
chr1	1488074	1488153
chr1	1489964	1490116
chr1	1492311	1492319
chr1	1494424	1494563
chr1	1497154	1497194
chr1	1499188	1499212
chr1	1500558	1500660
chr1	1501581	1501598
chr1	1502632	1502640
chr1	1503080	1503102
chr1	1503383	1503393
chr1	1505889	1505916
chr1	1506737	1506754
chr1	1507533	1507572
chr1	1508922	1508967
chr1	1512604	1513046
chr1	1517361	1517490
chr1	1518559	1518762
chr1	1519133	1519199
chr1	1519984	1520004
chr1	1521875	1521884
chr1	1524819	1525292
chr1	1526215	1526611
chr1	1530090	1530172
chr1	1530924	1531347
chr1	1532369	1532442
chr1	1533632	1533947
chr1	1535391	1535682
chr1	1537643	1537782
chr1	1538168	1538389
chr1	1539439	1539511
chr1	1540644	1541019
chr1	1541804	1541993
chr1	1543254	1543358
chr1	1546005	1546011
chr1	1546991	1547071
chr1	1547529	1547831
chr1	1551216	1551227
chr1	1561268	1561463
chr1	1563387	1563693
chr1	1564265	1564400
chr1	1565026	1565092
chr1	1565424	1565440
chr1	1566696	1566824
chr1	1568035	1568108
chr1	1570968	1571046
chr1	1572080	1572126
chr1	1573856	1574111
chr1	1574766	1574849
chr1	1575808	1575833
chr1	1576795	1576929
chr1	1577531	1577612
chr1	1579579	1579597
chr1	1580421	1580590
chr1	1581072	1581144
chr1	1581968	1582165
chr1	1584473	1584498
chr1	1587765	1587771
chr1	1588481	1588566
chr1	1589171	1589385
chr1	1590291	1590396
chr1	1592613	1592638
chr1	1593324	1593504
chr1	1593977	1594041
chr1	1598882	1598892
chr1	1599653	1599657
chr1	1601036	1601058
chr1	1603927	1603931
chr1	1604758	1604877
chr1	1606145	1606385
chr1	1607971	1608082
chr1	1611269	1611433
chr1	1612248	1612255
chr1	1612949	1613306
chr1	1614325	1614328
chr1	1616348	1616960
chr1	1617385	1617836
chr1	1618069	1618208
chr1	1619683	1619790
chr1	1622090	1622206
chr1	1622691	1623286
chr1	1623696	1623713
chr1	1625364	1625417
chr1	1628079	1628096
chr1	1630198	1630637
chr1	1634626	1635028
chr1	1635954	1636003
chr1	1638228	1638380
chr1	1639645	1639673
chr1	1640659	1640679
chr1	1642424	1642536
chr1	1644259	1644362
chr1	1646137	1646185
chr1	1651515	1651517
chr1	1653577	1653672
chr1	1655501	1655608
chr1	1656720	1656962
chr1	1658935	1658979
chr1	1659353	1659369
chr1	1659740	1659762
chr1	1660619	1660655
chr1	1662283	1662380
chr1	1662571	1662640
chr1	1663203	1663214
chr1	1666045	1666203
chr1	1666763	1666989
chr1	1668407	1668418
chr1	1669143	1669282
chr1	1671365	1671376
chr1	1672383	1672456
chr1	1673298	1673439
chr1	1674182	1674201
chr1	1675010	1675016
chr1	1676882	1676940
chr1	1677374	1677396
chr1	1678541	1678551
chr1	1678907	1678941
chr1	1679171	1679321
chr1	1680628	1681207
chr1	1681965	1682156
chr1	1684003	1684004
chr1	1686256	1686270
chr1	1687887	1687940
chr1	1689229	1689302
chr1	1689919	1690133
chr1	1690345	1690406
chr1	1690804	1690849
chr1	1691877	1691889
chr1	1692710	1692923
chr1	1693822	1693995
chr1	1694543	1694544
chr1	1695143	1695280
chr1	1696442	1696726
chr1	1697858	1698094
chr1	1701092	1701294
chr1	1702592	1703073
chr1	1705788	1705806
chr1	1706594	1706629
chr1	1707525	1707528
chr1	1708538	1708870
chr1	1709634	1709643
chr1	1710602	1710732
chr1	1711001	1711027
chr1	1712067	1712301
chr1	1714052	1714171
chr1	1717611	1717652
chr1	1718695	1718725
chr1	1719969	1720016
chr1	1722059	1722082
chr1	1728408	1728952
chr1	1729449	1729501
chr1	1731255	1731372
chr1	1733038	1733115
chr1	1733549	1733609
chr1	1735410	1735975
chr1	1736211	1736518
chr1	1739643	1739855
chr1	1742191	1742243
chr1	1743770	1743777
chr1	1744370	1744425
chr1	1744835	1745063
chr1	1746088	1746093
chr1	1746896	1746918
chr1	1747145	1747194
chr1	1747625	1747693
chr1	1751247	1751296
chr1	1753332	1753509
chr1	1755430	1755444
chr1	1757309	1757680
chr1	1759431	1759434
chr1	1760928	1760996
chr1	1761604	1761743
chr1	1762936	1762946
chr1	1763392	1763427
chr1	1764716	1764754
chr1	1764972	1764978
chr1	1765382	1765399
chr1	1769431	1769435
chr1	1771600	1771639
chr1	1773828	1773927
chr1	1774619	1774859
chr1	1775143	1775391
chr1	1779047	1779193
chr1	1779297	1779313
chr1	1779723	1779929
chr1	1782063	1782071
chr1	1782583	1782757
chr1	1783227	1783308
chr1	1783891	1783905
chr1	1784300	1784496
chr1	1786527	1786583
chr1	1789162	1789167
chr1	1789835	1790283
chr1	1791332	1791333
chr1	1792234	1792399
chr1	1793739	1793996
chr1	1794706	1794755
chr1	1798244	1798293
chr1	1799051	1799072
chr1	1799482	1799582
chr1	1803283	1803293
chr1	1804030	1804038
chr1	1804850	1804852
chr1	1805999	1806180
chr1	1807262	1807297
chr1	1807761	1807902
chr1	1810149	1810239
chr1	1811057	1811126
chr1	1814576	1815252
chr1	1816080	1816188
chr1	1817606	1817614
chr1	1818516	1818574
chr1	1823272	1823359
chr1	1824399	1824429
chr1	1825886	1825997
chr1	1826584	1826613
chr1	1827944	1828179
chr1	1828796	1828864
chr1	1830560	1830664
chr1	1833378	1833541
chr1	1834986	1835012
chr1	1836235	1836386
chr1	1836829	1837074
chr1	1842241	1842450
chr1	1842890	1842897
chr1	1843691	1843740
chr1	1846658	1846715
chr1	1846972	1846988
chr1	1848457	1848516
chr1	1852034	1852272
chr1	1852877	1852927
chr1	1853121	1853183
chr1	1853572	1853605
chr1	1854387	1854398
chr1	1855453	1855763
chr1	1856695	1856773
chr1	1857723	1857730
chr1	1858536	1858732
chr1	1862252	1862346
chr1	1865381	1865575
chr1	1871353	1871362
chr1	1872558	1872638
chr1	1874050	1874159
chr1	1875220	1875303
chr1	1881683	1881703
chr1	1888019	1888025
chr1	1891078	1891225
chr1	1893561	1893576
chr1	1895341	1895724
chr1	1896086	1896119
chr1	1896466	1896474
chr1	1896866	1896875
chr1	1898206	1898299
chr1	1899231	1899259
chr1	1899915	1900240
chr1	1900974	1901046
chr1	1902295	1902396
chr1	1904419	1904428
chr1	1906241	1906402
chr1	1907319	1907593
chr1	1911398	1911400
chr1	1912080	1912152
chr1	1912919	1912978
chr1	1913589	1913601
chr1	1914875	1915526
chr1	1915909	1915948
chr1	1917931	1917939
chr1	1919668	1919682
chr1	1921445	1921541
chr1	1922722	1922744
chr1	1923688	1923828
chr1	1927136	1927210
chr1	1928574	1929130
chr1	1929720	1929785
chr1	1931455	1931496
chr1	1932653	1932693
chr1	1933877	1934481
chr1	1934648	1934881
chr1	1936341	1936359
chr1	1941678	1941852
chr1	1943572	1943575
chr1	1944755	1944808
chr1	1945626	1945640
chr1	1946419	1947029
chr1	1947642	1947860
chr1	1950588	1950631
chr1	1951750	1951851
chr1	1953236	1953269
chr1	1953838	1953863
chr1	1955568	1955691
chr1	1957244	1957676
chr1	1959232	1959242
chr1	1959790	1959854
chr1	1960486	1960773
chr1	1961015	1961290
chr1	1961787	1962227
chr1	1965369	1965656
chr1	1965940	1965954
chr1	1967636	1967704
chr1	1968164	1968172
chr1	1968909	1969003
chr1	1970703	1970988
chr1	1971990	1972137
chr1	1973567	1973629
chr1	1976226	1976599
chr1	1977884	1977968
chr1	1979566	1979620
chr1	1981002	1981129
chr1	1981578	1981613
chr1	1984774	1984978
chr1	1986669	1986853
chr1	1987695	1987744
chr1	1989005	1989041
chr1	1989565	1989832
chr1	1992576	1993152
chr1	1994660	1994670
chr1	1995841	1996151
chr1	1997412	1997417
chr1	1998514	1999141
chr1	1999356	1999736
chr1	2000005	2000073
chr1	2000432	2000613
chr1	2002469	2002625
chr1	2003869	2003877
chr1	2006446	2006635
chr1	2006946	2007019
chr1	2007765	2007831
chr1	2009989	2009994
chr1	2010554	2010655
chr1	2011959	2012080
chr1	2012529	2012685
chr1	2014478	2014698
chr1	2015261	2015301
chr1	2017475	2017739
chr1	2023431	2023446
chr1	2024627	2024827
chr1	2025030	2025300
chr1	2026397	2026476
chr1	2026775	2026789
chr1	2027970	2028424
chr1	2029476	2029903
chr1	2030202	2030693
chr1	2030977	2031065
chr1	2031967	2032239
chr1	2038531	2039158
chr1	2039349	2039452
chr1	2041419	2042000
chr1	2043271	2043383
chr1	2044774	2044922
chr1	2046841	2047022
chr1	2047348	2047686
chr1	2048033	2048071
chr1	2048370	2048397
chr1	2049596	2049920
chr1	2051149	2051281
chr1	2052687	2052932
chr1	2053288	2053442
chr1	2054146	2054156
chr1	2055358	2055680
chr1	2056111	2056520
chr1	2057422	2057527
chr1	2058192	2058255
chr1	2058959	2059594
chr1	2061057	2061177
chr1	2062673	2062808
chr1	2064727	2064798
chr1	2066441	2066456
chr1	2068882	2069079
chr1	2070624	2070653
chr1	2071018	2071035
chr1	2071913	2071951
chr1	2072355	2072595
chr1	2073823	2073942
chr1	2074436	2074840
chr1	2075517	2075570
chr1	2075827	2075876
chr1	2078701	2078928
chr1	2079788	2079829
chr1	2080695	2080700
chr1	2082586	2082602
chr1	2084635	2084755
chr1	2086980	2087256
chr1	2087911	2087970
chr1	2089517	2089680
chr1	2092084	2092258
chr1	2093697	2093730
chr1	2095187	2095217
chr1	2096167	2096182
chr1	2096598	2096876
chr1	2097298	2097347
chr1	2100328	2100339
chr1	2101013	2101021
chr1	2101647	2101650
chr1	2103041	2103183
chr1	2104106	2104145
chr1	2104822	2104984
chr1	2105769	2105772
chr1	2106566	2106573
chr1	2107682	2107735
chr1	2108712	2109164
chr1	2109469	2109543
chr1	2110583	2110590
chr1	2112965	2113139
chr1	2115475	2115763
chr1	2117247	2117346
chr1	2119445	2119459
chr1	2120694	2120794
chr1	2121429	2121494
chr1	2121883	2121906
chr1	2123150	2123173
chr1	2123610	2123683
chr1	2124369	2124380
chr1	2124823	2125339
chr1	2125818	2125903
chr1	2127966	2128021
chr1	2129373	2129376
chr1	2130512	2130540
chr1	2131856	2131906
chr1	2132328	2132369
chr1	2133202	2133230
chr1	2133691	2133730
chr1	2134260	2134272
chr1	2134871	2134889
chr1	2135866	2136257
chr1	2137399	2137518
chr1	2138078	2138443
chr1	2138616	2138660
chr1	2139016	2139075
chr1	2139686	2139740
chr1	2140147	2140164
chr1	2140475	2140485
chr1	2140703	2140738
chr1	2141868	2142520
chr1	2144445	2144450
chr1	2144881	2144939
chr1	2147632	2147661
chr1	2148953	2149005
chr1	2150273	2150363
chr1	2150767	2150953
chr1	2151384	2151432
chr1	2152394	2152424
chr1	2152894	2153234
chr1	2153881	2153888
chr1	2156110	2156148
chr1	2156591	2156705
chr1	2157298	2157381
chr1	2157986	2158086
chr1	2159090	2159190
chr1	2160327	2160462
chr1	2162761	2162931
chr1	2167310	2167648
chr1	2170611	2171060
chr1	2171524	2171622
chr1	2172485	2172523
chr1	2173794	2174066
chr1	2176512	2176549
chr1	2176929	2177086
chr1	2178948	2178956
chr1	2179435	2179672
chr1	2180445	2180449
chr1	2181216	2181261
chr1	2181905	2181917
chr1	2182441	2182459
chr1	2183238	2183371
chr1	2184956	2184958
chr1	2186187	2186202
chr1	2187158	2187383
chr1	2188492	2188495
chr1	2191014	2191026
chr1	2194433	2194643
chr1	2195933	2195988
chr1	2197352	2197507
chr1	2197959	2198023
chr1	2198424	2198713
chr1	2199063	2199074
chr1	2200188	2200189
chr1	2200485	2200725
chr1	2202095	2202137
chr1	2203631	2203680
chr1	2204705	2204865
chr1	2205272	2205276
chr1	2205548	2205581
chr1	2206801	2207699
chr1	2208496	2208506
chr1	2209321	2209326
chr1	2215255	2215256
chr1	2216569	2216591
chr1	2217645	2217658
chr1	2218035	2218051
chr1	2218716	2218843
chr1	2219250	2219753
chr1	2220799	2220907
chr1	2223163	2223342
chr1	2224028	2224219
chr1	2225187	2225412
chr1	2225831	2225840
chr1	2226100	2226243
chr1	2228560	2228990
chr1	2229901	2230010
chr1	2230609	2231025
chr1	2231453	2231679
chr1	2232218	2232738
chr1	2233636	2233880
chr1	2234215	2234304
chr1	2234890	2234990
chr1	2237574	2237627
chr1	2237983	2238140
chr1	2238907	2239003
chr1	2239956	2240158
chr1	2242875	2242944
chr1	2243720	2243815
chr1	2245137	2245208
chr1	2246821	2246831
chr1	2247583	2247659
chr1	2248441	2248562
chr1	2249419	2249477
chr1	2250973	2250995
chr1	2251882	2252001
chr1	2255984	2256083
chr1	2256427	2256616
chr1	2257941	2258029
chr1	2258271	2258272
chr1	2258670	2258853
chr1	2259284	2259325
chr1	2259819	2260664
chr1	2261687	2261815
chr1	2263071	2263425
chr1	2265037	2265279
chr1	2266404	2266420
chr1	2266719	2266804
chr1	2267109	2267118
chr1	2267723	2267748
chr1	2268107	2268692
chr1	2270239	2270749
chr1	2271747	2271862
chr1	2272746	2272786
chr1	2274507	2274568
chr1	2276423	2276440
chr1	2278485	2278497
chr1	2278931	2279128
chr1	2280123	2280239
chr1	2281081	2281293
chr1	2282739	2282746
chr1	2283720	2283722
chr1	2284795	2284798
chr1	2287845	2287883
chr1	2289240	2289281
chr1	2289598	2289684
chr1	2291219	2291268
chr1	2291924	2291961
chr1	2294525	2294530
chr1	2306985	2307292
chr1	2307516	2307820
chr1	2310754	2310912
chr1	2312516	2312521
chr1	2313048	2313124
chr1	2313837	2314086
chr1	2314352	2314353
chr1	2314658	2314660
chr1	2315060	2315173
chr1	2317084	2317168
chr1	2320752	2320830
chr1	2322541	2322551
chr1	2325869	2325885
chr1	2326808	2326943
chr1	2330145	2330213
chr1	2330962	2330992
chr1	2331405	2331415
chr1	2332878	2333036
chr1	2333287	2333322
chr1	2334293	2334294
chr1	2334593	2335058
chr1	2337868	2338064
chr1	2338504	2338708
chr1	2342943	2343026
chr1	2343915	2343993
chr1	2344223	2344410
chr1	2346179	2346196
chr1	2347323	2347372
chr1	2348553	2348557
chr1	2349291	2349333
chr1	2352053	2352102
chr1	2353028	2353045
chr1	2353296	2353364
chr1	2355309	2355318
chr1	2356676	2358388
chr1	2360040	2360239
chr1	2363280	2363390
chr1	2364519	2364526
chr1	2364780	2365464
chr1	2366725	2367358
chr1	2367654	2367710
chr1	2368441	2368982
chr1	2370791	2370904
chr1	2372568	2372629
chr1	2373822	2373833
chr1	2374456	2374460
chr1	2376289	2376570
chr1	2377139	2377147
chr1	2377440	2377469
chr1	2378311	2378385
chr1	2379221	2379244
chr1	2379726	2379805
chr1	2380659	2380662
chr1	2380943	2381070
chr1	2386066	2386292
chr1	2387170	2387201
chr1	2387971	2388615
chr1	2390287	2390307
chr1	2391188	2391214
chr1	2392458	2392516
chr1	2393319	2393410
chr1	2393640	2393850
chr1	2394638	2394649
chr1	2395236	2395300
chr1	2396837	2396901
chr1	2397314	2397329
chr1	2398405	2398719
chr1	2399792	2399797
chr1	2400327	2400375
chr1	2401721	2402192
chr1	2402721	2402976
chr1	2404034	2404164
chr1	2404520	2404615
chr1	2405397	2405665
chr1	2405955	2406117
chr1	2407615	2407621
chr1	2408373	2408384
chr1	2409523	2409696
chr1	2414921	2414933
chr1	2416393	2416395
chr1	2420607	2420630
chr1	2423136	2423239
chr1	2424837	2425047
chr1	2429424	2429426
chr1	2429857	2430158
chr1	2431419	2431564
chr1	2431968	2432234
chr1	2432854	2432950
chr1	2434535	2434846
chr1	2435904	2435908
chr1	2437885	2437940
chr1	2439139	2439281
chr1	2439946	2440331
chr1	2441719	2441810
chr1	2442316	2442326
chr1	2443213	2443301
chr1	2444584	2444585
chr1	2445328	2445414
chr1	2446945	2447065
chr1	2447499	2447604
chr1	2447993	2448159
chr1	2449961	2449992
chr1	2451149	2451246
chr1	2452019	2452114
chr1	2453271	2453818
chr1	2456742	2456900
chr1	2457511	2457552
chr1	2461326	2461503
chr1	2463046	2463232
chr1	2463651	2463659
chr1	2464750	2464996
chr1	2466954	2467052
chr1	2468026	2468230
chr1	2468922	2468930
chr1	2469286	2469386
chr1	2470462	2470621
chr1	2471331	2471410
chr1	2473241	2473399
chr1	2475969	2476041
chr1	2477180	2477189
chr1	2478325	2478337
chr1	2479884	2479922
chr1	2481700	2481964
chr1	2484530	2484583
chr1	2486207	2486234
chr1	2486986	2486993
chr1	2487415	2487614
chr1	2489050	2489368
chr1	2492352	2492401
chr1	2493741	2493836
chr1	2495398	2495460
chr1	2497022	2497741
chr1	2498586	2498831
chr1	2500372	2500930
chr1	2501631	2501643
chr1	2505698	2505735
chr1	2506160	2506206
chr1	2509374	2509488
chr1	2510255	2510350
chr1	2510586	2510714
chr1	2511651	2511689
chr1	2512279	2512538
chr1	2515243	2515303
chr1	2516547	2516786
chr1	2517694	2517770
chr1	2519364	2519395
chr1	2520711	2520742
chr1	2522163	2522359
chr1	2523174	2523240
chr1	2525353	2525401
chr1	2527917	2527983
chr1	2528486	2528519
chr1	2528974	2528979
chr1	2529173	2529340
chr1	2529873	2530003
chr1	2530821	2530835
chr1	2531896	2532244
chr1	2533964	2534041
chr1	2534463	2534469
chr1	2535551	2535640
chr1	2538349	2538699
chr1	2539928	2540103
chr1	2541389	2541643
chr1	2544275	2544288
chr1	2544620	2544697
chr1	2545224	2545331
chr1	2545630	2545736
chr1	2546430	2546487
chr1	2546804	2546838
chr1	2548938	2549123
chr1	2550028	2550064
chr1	2551325	2551559
chr1	2552938	2553172
chr1	2554830	2554937
chr1	2555875	2555940
chr1	2556134	2556144
chr1	2557439	2557472
chr1	2558809	2558876
chr1	2559568	2559702
chr1	2562456	2562598
chr1	2563113	2563173
chr1	2564027	2564028
chr1	2564252	2564291
chr1	2565031	2565326
chr1	2566549	2566771
chr1	2567409	2567503
chr1	2568405	2568437
chr1	2568889	2569081
chr1	2570052	2570058
chr1	2572001	2572075
chr1	2573007	2573014
chr1	2573706	2573812
chr1	2574054	2574095
chr1	2575224	2575808
chr1	2577097	2577107
chr1	2578695	2579227
chr1	2579418	2579503
chr1	2579934	2580027
chr1	2580209	2580418
chr1	2581134	2581842
chr1	2582297	2583044
chr1	2583331	2583434
chr1	2583778	2583883
chr1	2584407	2584485
chr1	2584754	2585051
chr1	2585905	2585916
chr1	2588803	2588837
chr1	2591839	2591847
chr1	2594152	2594153
chr1	2596268	2596333
chr1	2596779	2597008
chr1	2599946	2599987
chr1	2600478	2600730
chr1	2601878	2601913
chr1	2603460	2603694
chr1	2604221	2604296
chr1	2604682	2604739
chr1	2605077	2605107
chr1	2608320	2608795
chr1	2609727	2609731
chr1	2610420	2610836
chr1	2611804	2611868
chr1	2612986	2613106
chr1	2614062	2614692
chr1	2617580	2617666
chr1	2618907	2619596
chr1	2620015	2620271
chr1	2620528	2620532
chr1	2622451	2622456
chr1	2623751	2623820
chr1	2625802	2625887
chr1	2626171	2626222
chr1	2626518	2626653
chr1	2626979	2627171
chr1	2628697	2628780
chr1	2630318	2630536
chr1	2632074	2632922
chr1	2634097	2634527
chr1	2635591	2635627
chr1	2636888	2637687
chr1	2639534	2639672
chr1	2641063	2641245
chr1	2642041	2642149
chr1	2644257	2644319
chr1	2646672	2646746
chr1	2648911	2648915
chr1	2651557	2651752
chr1	2651937	2652036
chr1	2652824	2652838
chr1	2653986	2654061
chr1	2655092	2655264
chr1	2655581	2655608
chr1	2656114	2656214
chr1	2667114	2667254
chr1	2675836	2675935
chr1	2677632	2677728
chr1	2678648	2678652
chr1	2680004	2680764
chr1	2683141	2683247
chr1	2684265	2684678
chr1	2687972	2688009
chr1	2689940	2690071
chr1	2692074	2692223
chr1	2692438	2692550
chr1	2692714	2692798
chr1	2693883	2693908
chr1	2694963	2694980
chr1	2697713	2697727
chr1	2698244	2698528
chr1	2700456	2700534
chr1	2703247	2703268
chr1	2703837	2704008
chr1	2704436	2704696
chr1	2705517	2706016
chr1	2709964	2710074
chr1	2710334	2710350
chr1	2711300	2711331
chr1	2712875	2712890
chr1	2713783	2714123
chr1	2715331	2715471
chr1	2716313	2716394
chr1	2718807	2719082
chr1	2719354	2719596
chr1	2720642	2720775
chr1	2721776	2721865
chr1	2724182	2724229
chr1	2725476	2726192
chr1	2726779	2726805
chr1	2727919	2727966
chr1	2728265	2728436
chr1	2732748	2733229
chr1	2734143	2734375
chr1	2736986	2737116
chr1	2739685	2739771
chr1	2740031	2740046
chr1	2740360	2740708
chr1	2744983	2745313
chr1	2745723	2745766
chr1	2750224	2750312
chr1	2751571	2751661
chr1	2752179	2752261
chr1	2752659	2752847
chr1	2752993	2753017
chr1	2753622	2753624
chr1	2756703	2756935
chr1	2758191	2758207
chr1	2759487	2759778
chr1	2760686	2760853
chr1	2762379	2762530
chr1	2763773	2763890
chr1	2765290	2765654
chr1	2766838	2766858
chr1	2767664	2767670
chr1	2768158	2768260
chr1	2768883	2768985
chr1	2771570	2771643
chr1	2772330	2772366
chr1	2773034	2773177
chr1	2775203	2775271
chr1	2775564	2775567
chr1	2776283	2776315
chr1	2776968	2776974
chr1	2782261	2782365
chr1	2784041	2784122
chr1	2784607	2784656
chr1	2785917	2786574
chr1	2786897	2786913
chr1	2792493	2792722
chr1	2793987	2794349
chr1	2795119	2795300
chr1	2797384	2797466
chr1	2801144	2801253
chr1	2806235	2806664
chr1	2808029	2808082
chr1	2808303	2808309
chr1	2808734	2808757
chr1	2810981	2810992
chr1	2812095	2812354
chr1	2814910	2814915
chr1	2816879	2816884
chr1	2819869	2819952
chr1	2821595	2821711
chr1	2822358	2822437
chr1	2824592	2824677
chr1	2825483	2825487
chr1	2827088	2827156
chr1	2827803	2828555
chr1	2829802	2830160
chr1	2830582	2830876
chr1	2831337	2831343
chr1	2832590	2832709
chr1	2833760	2834108
chr1	2835334	2835784
chr1	2837262	2837387
chr1	2837614	2837683
chr1	2839929	2840122
chr1	2849331	2849851
chr1	2850573	2851090
chr1	2851715	2851750
chr1	2852670	2852874
chr1	2854265	2854266
chr1	2854906	2854937
chr1	2857780	2857852
chr1	2858723	2858726
chr1	2859289	2859299
chr1	2860417	2860451
chr1	2861143	2861147
chr1	2863202	2863206
chr1	2864411	2864426
chr1	2864833	2865129
chr1	2866340	2866467
chr1	2868060	2868153
chr1	2868566	2868605
chr1	2869236	2869252
chr1	2869626	2869726
chr1	2870363	2870774
chr1	2871193	2871205
chr1	2873769	2873770
chr1	2876484	2876575
chr1	2876964	2877071
chr1	2877745	2877830
chr1	2878540	2878570
chr1	2879928	2880074
chr1	2881051	2881408
chr1	2881701	2881757
chr1	2882146	2882289
chr1	2883338	2883341
chr1	2884333	2884610
chr1	2886361	2886372
chr1	2894407	2894511
chr1	2895959	2896012
chr1	2897802	2898042
chr1	2898782	2898805
chr1	2899308	2899338
chr1	2900219	2900225
chr1	2900689	2900917
chr1	2902506	2902508
chr1	2903530	2903638
chr1	2904540	2904820
chr1	2906762	2906813
chr1	2907739	2907825
chr1	2910197	2910228
chr1	2910899	2911003
chr1	2912676	2912682
chr1	2914010	2914014
chr1	2915735	2915845
chr1	2916192	2916359
chr1	2917708	2917870
chr1	2921376	2921550
chr1	2923181	2923198
chr1	2925382	2925491
chr1	2926137	2926354
chr1	2926974	2926985
chr1	2927907	2927989
chr1	2929958	2930069
chr1	2930783	2930804
chr1	2931559	2931692
chr1	2932288	2932296
chr1	2933141	2933170
chr1	2934069	2934197
chr1	2934871	2935045
chr1	2936787	2936809
chr1	2939000	2939011
chr1	2943266	2943375
chr1	2944984	2945329
chr1	2945829	2945846
chr1	2946286	2946433
chr1	2947448	2947461
chr1	2948557	2948635
chr1	2949456	2949592
chr1	2950485	2950488
chr1	2951306	2951321
chr1	2952502	2952561
chr1	2952992	2953506
chr1	2954747	2955057
chr1	2955419	2955766
chr1	2956890	2956892
chr1	2957431	2957571
chr1	2958869	2958908
chr1	2959189	2959334
chr1	2959819	2960104
chr1	2962440	2962469
chr1	2962711	2962712
chr1	2963389	2963585
chr1	2964241	2964404
chr1	2964850	2965025
chr1	2965357	2965477
chr1	2965836	2965938
chr1	2966396	2966532
chr1	2968405	2968532
chr1	2968849	2970122
chr1	2971548	2971658
chr1	2972026	2972159
chr1	2973420	2973794
chr1	2975233	2975241
chr1	2975774	2975927
chr1	2976553	2976585
chr1	2976908	2976988
chr1	2978657	2978659
chr1	2979308	2979325
chr1	2979687	2979690
chr1	2980817	2980962
chr1	2981753	2981852
chr1	2982085	2982096
chr1	2982350	2982698
chr1	2982979	2983070
chr1	2983873	2983895
chr1	2984653	2984732
chr1	2985253	2985282
chr1	2987614	2987681
chr1	2989267	2989290
chr1	2990591	2990705
chr1	2991115	2991183
chr1	2992627	2992633
chr1	2995061	2995114
chr1	2995944	2996104
chr1	2996736	2996738
chr1	2999967	3000111
chr1	3000608	3000613
chr1	3001902	3001982
chr1	3003268	3003279
chr1	3005649	3005844
chr1	3007061	3007235
chr1	3009208	3009343
chr1	3010685	3010696
chr1	3011367	3011398
chr1	3011766	3011915
chr1	3012622	3012828
chr1	3013607	3013682
chr1	3014146	3014172
chr1	3014657	3014662
chr1	3014964	3015202
chr1	3015852	3015862
chr1	3016734	3016857
chr1	3017654	3017834
chr1	3019420	3019457
chr1	3020456	3020572
chr1	3021546	3021547
chr1	3021795	3021838
chr1	3022284	3022460
chr1	3023431	3023564
chr1	3024256	3024269
chr1	3025327	3025440
chr1	3026846	3027064
chr1	3028038	3028097
chr1	3029122	3029171
chr1	3029857	3029866
chr1	3030360	3030412
chr1	3030876	3031039
chr1	3031536	3031787
chr1	3032497	3032519
chr1	3034618	3034634
chr1	3034882	3034908
chr1	3036101	3036130
chr1	3037290	3037426
chr1	3038913	3038930
chr1	3039799	3039824
chr1	3041460	3041569
chr1	3042474	3042541
chr1	3043017	3043025
chr1	3046523	3046820
chr1	3048551	3048561
chr1	3051423	3051618
chr1	3051791	3051805
chr1	3052011	3052022
chr1	3053188	3053232
chr1	3053681	3053913
chr1	3055490	3055514
chr1	3056347	3056419
chr1	3057231	3057250
chr1	3058062	3058192
chr1	3058530	3058601
chr1	3059230	3059261
chr1	3059785	3059854
chr1	3063633	3063637
chr1	3066190	3066221
chr1	3067123	3067192
chr1	3067944	3068188
chr1	3070082	3070169
chr1	3070848	3070874
chr1	3071535	3071545
chr1	3073055	3073129
chr1	3073608	3073679
chr1	3074470	3074635
chr1	3075372	3075587
chr1	3076719	3076893
chr1	3078077	3078157
chr1	3078984	3079308
chr1	3080456	3080580
chr1	3081032	3081118
chr1	3081591	3081603
chr1	3082340	3082351
chr1	3082755	3082908
chr1	3083369	3083373
chr1	3084302	3084484
chr1	3085554	3085712
chr1	3086182	3086214
chr1	3086753	3086819
chr1	3087934	3087949
chr1	3088983	3089044
chr1	3092596	3092950
chr1	3093465	3093478
chr1	3093747	3093904
chr1	3094899	3095110
chr1	3096873	3096958
chr1	3097644	3097705
chr1	3098937	3098963
chr1	3100168	3100201
chr1	3102161	3102363
chr1	3104910	3105055
chr1	3107306	3107310
chr1	3107636	3107767
chr1	3108396	3108415
chr1	3110064	3110166
chr1	3110736	3110779
chr1	3112288	3112464
chr1	3113458	3113657
chr1	3114811	3115045
chr1	3115302	3115407
chr1	3115718	3115740
chr1	3116746	3116817
chr1	3119035	3120565
chr1	3121826	3123624
chr1	3123965	3123966
chr1	3124982	3124995
chr1	3126143	3126239
chr1	3128962	3128972
chr1	3132713	3132891
chr1	3133538	3133708
chr1	3134592	3134595
chr1	3135482	3135787
chr1	3136598	3136619
chr1	3137223	3137270
chr1	3138019	3138098
chr1	3140483	3140486
chr1	3142221	3142308
chr1	3143627	3143634
chr1	3147872	3147958
chr1	3148257	3148384
chr1	3149975	3150170
chr1	3151200	3151201
chr1	3152949	3153038
chr1	3154630	3154653
chr1	3155870	3156147
chr1	3158143	3158164
chr1	3160520	3160579
chr1	3162060	3162267
chr1	3164114	3164151
chr1	3165191	3165204
chr1	3166583	3166683
chr1	3167801	3168582
chr1	3172999	3173159
chr1	3174016	3174058
chr1	3174642	3174746
chr1	3175371	3175453
chr1	3177264	3177536
chr1	3177817	3177821
chr1	3178084	3178457
chr1	3179311	3179367
chr1	3180530	3180547
chr1	3181761	3181769
chr1	3183010	3183137
chr1	3183824	3183904
chr1	3184566	3184846
chr1	3186933	3187029
chr1	3187610	3187662
chr1	3187976	3188007
chr1	3188870	3188875
chr1	3189396	3189582
chr1	3190677	3190700
chr1	3191620	3191643
chr1	3192200	3192372
chr1	3193157	3193392
chr1	3194150	3194165
chr1	3196849	3196863
chr1	3198284	3198291
chr1	3199106	3199118
chr1	3199981	3200265
chr1	3202019	3202419
chr1	3204289	3204380
chr1	3205231	3205264
chr1	3208327	3208575
chr1	3211744	3211802
chr1	3212107	3212161
chr1	3212955	3212969
chr1	3213853	3213911
chr1	3214252	3214627
chr1	3215571	3215664
chr1	3216356	3216360
chr1	3216890	3216904
chr1	3217146	3217154
chr1	3217642	3217826
chr1	3218269	3218338
chr1	3219213	3219273
chr1	3219860	3219862
chr1	3221697	3221766
chr1	3223523	3223567
chr1	3224679	3224707
chr1	3226284	3226362
chr1	3228242	3228253
chr1	3230679	3230737
chr1	3232505	3232870
chr1	3234138	3234188
chr1	3237805	3237817
chr1	3238498	3238600
chr1	3239469	3239828
chr1	3241170	3241221
chr1	3241958	3242197
chr1	3243280	3243696
chr1	3267730	3267736
chr1	3272202	3272213
chr1	3274901	3274948
chr1	3276216	3276379
chr1	3282714	3283334
chr1	3287831	3288463
chr1	3290505	3290623
chr1	3291324	3291502
chr1	3299953	3299970
chr1	3300569	3300595
chr1	3302454	3303102
chr1	3304247	3304440
chr1	3305252	3305278
chr1	3306534	3306665
chr1	3307390	3307579
chr1	3308544	3308667
chr1	3309398	3309469
chr1	3310296	3310713
chr1	3311999	3312100
chr1	3312837	3312952
chr1	3313200	3313282
chr1	3313671	3313772
chr1	3315121	3315235
chr1	3316455	3316528
chr1	3317460	3318329
chr1	3318814	3318900
chr1	3319466	3319662
chr1	3323045	3323070
chr1	3323702	3323708
chr1	3324475	3324572
chr1	3325702	3325933
chr1	3326948	3327022
chr1	3329945	3329948
chr1	3331611	3332070
chr1	3332753	3332786
chr1	3335747	3335959
chr1	3336504	3336795
chr1	3337916	3337994
chr1	3338998	3339117
chr1	3339761	3339853
chr1	3342081	3342164
chr1	3343117	3343175
chr1	3343819	3344032
chr1	3344628	3344653
chr1	3346074	3346146
chr1	3346847	3346858
chr1	3347718	3347981
chr1	3348472	3348804
chr1	3350992	3351268
chr1	3353467	3353482
chr1	3355068	3355098
chr1	3356540	3356814
chr1	3357427	3357601
chr1	3358566	3358611
chr1	3359270	3359584
chr1	3360585	3360623
chr1	3362985	3363347
chr1	3363685	3363692
chr1	3364531	3364708
chr1	3365829	3365835
chr1	3366449	3366643
chr1	3368792	3368822
chr1	3369853	3369949
chr1	3371729	3371814
chr1	3372470	3372544
chr1	3374619	3374650
chr1	3375663	3375757
chr1	3376386	3376489
chr1	3376851	3376938
chr1	3378242	3378328
chr1	3378414	3378710
chr1	3379000	3379035
chr1	3379328	3380678
chr1	3380992	3381374
chr1	3382621	3382784
chr1	3385065	3385162
chr1	3386918	3387074
chr1	3388030	3388069
chr1	3388869	3389100
chr1	3391501	3391533
chr1	3392777	3392811
chr1	3393200	3393379
chr1	3393927	3394018
chr1	3394920	3395378
chr1	3397140	3397213
chr1	3398289	3398424
chr1	3399407	3399418
chr1	3400182	3400191
chr1	3401917	3401932
chr1	3403161	3403199
chr1	3404920	3405135
chr1	3406214	3406284
chr1	3407687	3408021
chr1	3408305	3408403
chr1	3409377	3409508
chr1	3411082	3411216
chr1	3411956	3412084
chr1	3414165	3414231
chr1	3414683	3414718
chr1	3414957	3415434
chr1	3415988	3416080
chr1	3416694	3416704
chr1	3417744	3417798
chr1	3418661	3418725
chr1	3419375	3419491
chr1	3420969	3421740
chr1	3423212	3423261
chr1	3425426	3425583
chr1	3427106	3427242
chr1	3429518	3429824
chr1	3430249	3430386
chr1	3431314	3431427
chr1	3431837	3431978
chr1	3433621	3433691
chr1	3435572	3435797
chr1	3436321	3436328
chr1	3436684	3436778
chr1	3438972	3439071
chr1	3441351	3441352
chr1	3441753	3441769
chr1	3442596	3442655
chr1	3445987	3446039
chr1	3447277	3447403
chr1	3448425	3448503
chr1	3449990	3449996
chr1	3451749	3451780
chr1	3452886	3452924
chr1	3457271	3458210
chr1	3459097	3459115
chr1	3460806	3460813
chr1	3461733	3461759
chr1	3463890	3463972
chr1	3464448	3464546
chr1	3465685	3465777
chr1	3467090	3467209
chr1	3467925	3468412
chr1	3469263	3469300
chr1	3469782	3469785
chr1	3470678	3470679
chr1	3471368	3471412
chr1	3471849	3471851
chr1	3473903	3474006
chr1	3475376	3475377
chr1	3476960	3477059
chr1	3477499	3477648
chr1	3478727	3478778
chr1	3479682	3479699
chr1	3479950	3480073
chr1	3480741	3480758
chr1	3481288	3481450
chr1	3482697	3482775
chr1	3483944	3483973
chr1	3484806	3484808
chr1	3485110	3485131
chr1	3486173	3486508
chr1	3487710	3488088
chr1	3488558	3488568
chr1	3489062	3489505
chr1	3490374	3490475
chr1	3491650	3491807
chr1	3492121	3492146
chr1	3493180	3494659
chr1	3496365	3496550
chr1	3499914	3499942
chr1	3500748	3501333
chr1	3501731	3501793
chr1	3502935	3502944
chr1	3503276	3503392
chr1	3504174	3504194
chr1	3505282	3505362
chr1	3506768	3506789
chr1	3507994	3508094
chr1	3509065	3509117
chr1	3509545	3509653
chr1	3510054	3510087
chr1	3511316	3511681
chr1	3512067	3512076
chr1	3519165	3519281
chr1	3522222	3522233
chr1	3527384	3527390
chr1	3529162	3529337
chr1	3529978	3529989
chr1	3531137	3531207
chr1	3532912	3532942
chr1	3533904	3533912
chr1	3535350	3535430
chr1	3536056	3536101
chr1	3538361	3538504
chr1	3540744	3540881
chr1	3541363	3541442
chr1	3542044	3542137
chr1	3542844	3542859
chr1	3545299	3545446
chr1	3546306	3546437
chr1	3546796	3547617
chr1	3548906	3549253
chr1	3549687	3549690
chr1	3550142	3550373
chr1	3551043	3551280
chr1	3552541	3552763
chr1	3554024	3554297
chr1	3555261	3555421
chr1	3556686	3556854
chr1	3557063	3557310
chr1	3558344	3559562
chr1	3560023	3560193
chr1	3563171	3563263
chr1	3564285	3564363
chr1	3565781	3565787
chr1	3566686	3566695
chr1	3566895	3567023
chr1	3568366	3568400
chr1	3568678	3569108
chr1	3571210	3571334
chr1	3571588	3571601
chr1	3572542	3572601
chr1	3573668	3573730
chr1	3580199	3580637
chr1	3581311	3581314
chr1	3581619	3581626
chr1	3582504	3582531
chr1	3583709	3583800
chr1	3584657	3585003
chr1	3585948	3586273
chr1	3586833	3586843
chr1	3587538	3587797
chr1	3589380	3589393
chr1	3590616	3590691
chr1	3591491	3591645
chr1	3593371	3593803
chr1	3594234	3594467
chr1	3595432	3595712
chr1	3595966	3596028
chr1	3597533	3597550
chr1	3597765	3598050
chr1	3599550	3599850
chr1	3602439	3602563
chr1	3603321	3603376
chr1	3605717	3605750
chr1	3607033	3607111
chr1	3608253	3608363
chr1	3609756	3609780
chr1	3610370	3610373
chr1	3611188	3611299
chr1	3611940	3611958
chr1	3613115	3613120
chr1	3613602	3613663
chr1	3614397	3614456
chr1	3617602	3617681
chr1	3620530	3620609
chr1	3621253	3621569
chr1	3622210	3622248
chr1	3623090	3623158
chr1	3626612	3626662
chr1	3627348	3627418
chr1	3628062	3628159
chr1	3629646	3629751
chr1	3630565	3630570
chr1	3631987	3632096
chr1	3633583	3633674
chr1	3636266	3636274
chr1	3638708	3638810
chr1	3639301	3639424
chr1	3639843	3639871
chr1	3640140	3640542
chr1	3642880	3643176
chr1	3644837	3644897
chr1	3645976	3645978
chr1	3646883	3646894
chr1	3647808	3647884
chr1	3649380	3649419
chr1	3650108	3650233
chr1	3650514	3650525
chr1	3653346	3653447
chr1	3654631	3654636
chr1	3658088	3658113
chr1	3661168	3661211
chr1	3662011	3662061
chr1	3664886	3664927
chr1	3666248	3666356
chr1	3668158	3668168
chr1	3669387	3669585
chr1	3669998	3670033
chr1	3670410	3670444
chr1	3671793	3671844
chr1	3672296	3672327
chr1	3673574	3673601
chr1	3675085	3675185
chr1	3675994	3676065
chr1	3676730	3676774
chr1	3681315	3681319
chr1	3682086	3682109
chr1	3683023	3683050
chr1	3685962	3685982
chr1	3686899	3686911
chr1	3687576	3687684
chr1	3689441	3689456
chr1	3690937	3691140
chr1	3691619	3691638
chr1	3693988	3694053
chr1	3694859	3694863
chr1	3696467	3696469
chr1	3697092	3697197
chr1	3698096	3698120
chr1	3699382	3699403
chr1	3700329	3700704
chr1	3701015	3701086
chr1	3703864	3704101
chr1	3704870	3704999
chr1	3707562	3707641
chr1	3708069	3708073
chr1	3708315	3708437
chr1	3709713	3709714
chr1	3710247	3710432
chr1	3711693	3711748
chr1	3714331	3714391
chr1	3715707	3715776
chr1	3716993	3717089
chr1	3719745	3719936
chr1	3720781	3721256
chr1	3721696	3721730
chr1	3722599	3722620
chr1	3723630	3723655
chr1	3724547	3724614
chr1	3725843	3726126
chr1	3727475	3727487
chr1	3729354	3729363
chr1	3736934	3736983
chr1	3742773	3743197
chr1	3743454	3743710
chr1	3753183	3753764
chr1	3754255	3754292
chr1	3755032	3755951
chr1	3767101	3767345
chr1	3768139	3768221
chr1	3768592	3768735
chr1	3768995	3769110
chr1	3769499	3769513
chr1	3770648	3770772
chr1	3771301	3771343
chr1	3772533	3772650
chr1	3773566	3773573
chr1	3777500	3777736
chr1	3778200	3778567
chr1	3780333	3780334
chr1	3781411	3781500
chr1	3784739	3784931
chr1	3786271	3786313
chr1	3787488	3787725
chr1	3788366	3788367
chr1	3788615	3788620
chr1	3790047	3790155
chr1	3790808	3790847
chr1	3792352	3792357
chr1	3793247	3793256
chr1	3794866	3795099
chr1	3796360	3796447
chr1	3798488	3799242
chr1	3799942	3800091
chr1	3801462	3801652
chr1	3803847	3803918
chr1	3804790	3804864
chr1	3805574	3805620
chr1	3807572	3807573
chr1	3808436	3808460
chr1	3809386	3809441
chr1	3811635	3811718
chr1	3812344	3812500
chr1	3814077	3814089
chr1	3814997	3815026
chr1	3816105	3816128
chr1	3817174	3817238
chr1	3818026	3818041
chr1	3820401	3820652
chr1	3821890	3822261
chr1	3823862	3823879
chr1	3824583	3824701
chr1	3825267	3825329
chr1	3826216	3826251
chr1	3826957	3826990
chr1	3828726	3828782
chr1	3829909	3829929
chr1	3831518	3831725
chr1	3832135	3832145
chr1	3833675	3833693
chr1	3834520	3834891
chr1	3835199	3835271
chr1	3836890	3836985
chr1	3837287	3837554
chr1	3841419	3841713
chr1	3842075	3842238
chr1	3842768	3843035
chr1	3843733	3843884
chr1	3844639	3844737
chr1	3845969	3847164
chr1	3848804	3849293
chr1	3850138	3850371
chr1	3851753	3851791
chr1	3853212	3853214
chr1	3853927	3853938
chr1	3854792	3855014
chr1	3856888	3856910
chr1	3857386	3857396
chr1	3858238	3858258
chr1	3859661	3859664
chr1	3859975	3860023
chr1	3861369	3861494
chr1	3862389	3862623
chr1	3862925	3862946
chr1	3863263	3863316
chr1	3868237	3868351
chr1	3872495	3872616
chr1	3873404	3873451
chr1	3874131	3874403
chr1	3874735	3874821
chr1	3876821	3876889
chr1	3877431	3877463
chr1	3878506	3878658
chr1	3879263	3879272
chr1	3879691	3879695
chr1	3880069	3880285
chr1	3880398	3880431
chr1	3880652	3880906
chr1	3881763	3881836
chr1	3882831	3882833
chr1	3883441	3883524
chr1	3884916	3884974
chr1	3886068	3886072
chr1	3887082	3887143
chr1	3888801	3888807
chr1	3889340	3889361
chr1	3889867	3889947
chr1	3890732	3890829
chr1	3892090	3892370
chr1	3893719	3894092
chr1	3894388	3894425
chr1	3895606	3895819
chr1	3898884	3898908
chr1	3900401	3900492
chr1	3901181	3901323
chr1	3902105	3902149
chr1	3902811	3903077
chr1	3904615	3904621
chr1	3905565	3905771
chr1	3907006	3907666
chr1	3907989	3908071
chr1	3909737	3909889
chr1	3913368	3913379
chr1	3919199	3919219
chr1	3920061	3920096
chr1	3920860	3921086
chr1	3922039	3922064
chr1	3922255	3922470
chr1	3923672	3923697
chr1	3924818	3924889
chr1	3926397	3926568
chr1	3930713	3931004
chr1	3936709	3936876
chr1	3939256	3939616
chr1	3944962	3945091
chr1	3945747	3945793
chr1	3950262	3950823
chr1	3952469	3952543
chr1	3953334	3953430
chr1	3954269	3954324
chr1	3955520	3955549
chr1	3956259	3956324
chr1	3957367	3957520
chr1	3958431	3958447
chr1	3959511	3959528
chr1	3960712	3960754
chr1	3961785	3961799
chr1	3962323	3962438
chr1	3963598	3963604
chr1	3964053	3964478
chr1	3965191	3965883
chr1	3968943	3969342
chr1	3970562	3970704
chr1	3972452	3972551
chr1	3974499	3974510
chr1	3975295	3975368
chr1	3977059	3977061
chr1	3977921	3978058
chr1	3979497	3979498
chr1	3985444	3985556
chr1	3986731	3986843
chr1	3987298	3987381
chr1	3988295	3988318
chr1	3989097	3989152
chr1	3991522	3991620
chr1	3994741	3994829
chr1	3995698	3995803
chr1	3996963	3997028
chr1	3997630	3997979
chr1	3999637	3999646
chr1	4001588	4001636
chr1	4003159	4003160
chr1	4008432	4008718
chr1	4009281	4009296
chr1	4011070	4011085
chr1	4012269	4012416
chr1	4013492	4013510
chr1	4014040	4014076
chr1	4016211	4016483
chr1	4017082	4017088
chr1	4018167	4018357
chr1	4019070	4019261
chr1	4020127	4020141
chr1	4021382	4021424
chr1	4022392	4022393
chr1	4023802	4023867
chr1	4025038	4025055
chr1	4025543	4025829
chr1	4026377	4026443
chr1	4027885	4027890
chr1	4028966	4028967
chr1	4029761	4029870
chr1	4033157	4033268
chr1	4034041	4034056
chr1	4035709	4035856
chr1	4036683	4036730
chr1	4038049	4038157
chr1	4040703	4040980
chr1	4041318	4041422
chr1	4042939	4042951
chr1	4043034	4043040
chr1	4043858	4043861
chr1	4046117	4046302
chr1	4047495	4047704
chr1	4050584	4050600
chr1	4052882	4052949
chr1	4053846	4053880
chr1	4054041	4054141
chr1	4054695	4054811
chr1	4055122	4055196
chr1	4056374	4057732
chr1	4059884	4059983
chr1	4060267	4060294
chr1	4060590	4060647
chr1	4061888	4061898
chr1	4062197	4062526
chr1	4063248	4063253
chr1	4067284	4067422
chr1	4067910	4067956
chr1	4069053	4069174
chr1	4070469	4070513
chr1	4071579	4071790
chr1	4072665	4072666
chr1	4073610	4073633
chr1	4075408	4075751
chr1	4076098	4076483
chr1	4077729	4077883
chr1	4078449	4078519
chr1	4079748	4079924
chr1	4080559	4080570
chr1	4080764	4081159
chr1	4081350	4081515
chr1	4082720	4082806
chr1	4087256	4087609
chr1	4088187	4088327
chr1	4088530	4088780
chr1	4091095	4091232
chr1	4091516	4091840
chr1	4092877	4093631
chr1	4094526	4094659
chr1	4094913	4094922
chr1	4095299	4095323
chr1	4095529	4095539
chr1	4096114	4096138
chr1	4097993	4098095
chr1	4099147	4099646
chr1	4100509	4101264
chr1	4104474	4104530
chr1	4105456	4105458
chr1	4107083	4107791
chr1	4109746	4109782
chr1	4110480	4110826
chr1	4111344	4111345
chr1	4113514	4113520
chr1	4114341	4114473
chr1	4115893	4116001
chr1	4116378	4116477
chr1	4117151	4117257
chr1	4118051	4118058
chr1	4118513	4118529
chr1	4118690	4118775
chr1	4120954	4121197
chr1	4121553	4121915
chr1	4124347	4124416
chr1	4125375	4125438
chr1	4126478	4127294
chr1	4128724	4128750
chr1	4129082	4129322
chr1	4129690	4129892
chr1	4131711	4131738
chr1	4132391	4132517
chr1	4134591	4134725
chr1	4136047	4136121
chr1	4137113	4137205
chr1	4138137	4138201
chr1	4139754	4139804
chr1	4140462	4140492
chr1	4142021	4142043
chr1	4142744	4142747
chr1	4143919	4143950
chr1	4148185	4148317
chr1	4148961	4149090
chr1	4149479	4149590
chr1	4149910	4150029
chr1	4151039	4151179
chr1	4152216	4152217
chr1	4153482	4153739
chr1	4155673	4155739
chr1	4156728	4156980
chr1	4158221	4158226
chr1	4158921	4158930
chr1	4159820	4159888
chr1	4160499	4160511
chr1	4160912	4161047
chr1	4161772	4161814
chr1	4162257	4162305
chr1	4163717	4163735
chr1	4166730	4166820
chr1	4168127	4168535
chr1	4169299	4169466
chr1	4170168	4170213
chr1	4171142	4171420
chr1	4172613	4172954
chr1	4174762	4174872
chr1	4178069	4178284
chr1	4180614	4180679
chr1	4181719	4181757
chr1	4182833	4182933
chr1	4183991	4184011
chr1	4184511	4184525
chr1	4185889	4186088
chr1	4186576	4186633
chr1	4187694	4187698
chr1	4190231	4190283
chr1	4190516	4190832
chr1	4193244	4193390
chr1	4195372	4195439
chr1	4195801	4195885
chr1	4196097	4196170
chr1	4196505	4196723
chr1	4197106	4197235
chr1	4197594	4197627
chr1	4198136	4198204
chr1	4198596	4198873
chr1	4199088	4199246
chr1	4199704	4199720
chr1	4200220	4200420
chr1	4201887	4201893
chr1	4204416	4204425
chr1	4205372	4205537
chr1	4205839	4205861
chr1	4206916	4206995
chr1	4208875	4209046
chr1	4209525	4209581
chr1	4211008	4211079
chr1	4211783	4212292
chr1	4212981	4212995
chr1	4213939	4214069
chr1	4214428	4214614
chr1	4214886	4215199
chr1	4215774	4215880
chr1	4216062	4216077
chr1	4216268	4216403
chr1	4216729	4217133
chr1	4218194	4218240
chr1	4218824	4218848
chr1	4219672	4219684
chr1	4220931	4221088
chr1	4222647	4222693
chr1	4223679	4223698
chr1	4224894	4224984
chr1	4226984	4226988
chr1	4227524	4227528
chr1	4230099	4230255
chr1	4231235	4231319
chr1	4233596	4233609
chr1	4234535	4234779
chr1	4235264	4235373
chr1	4235738	4235778
chr1	4237163	4237164
chr1	4237928	4237931
chr1	4243146	4243232
chr1	4249809	4249877
chr1	4251004	4251084
chr1	4252865	4252992
chr1	4254326	4254379
chr1	4261145	4261152
chr1	4263065	4263354
chr1	4264364	4264562
chr1	4265461	4265641
chr1	4266657	4266952
chr1	4268835	4268924
chr1	4269832	4269839
chr1	4270336	4270365
chr1	4273474	4273738
chr1	4274592	4274797
chr1	4276416	4276570
chr1	4278084	4278393
chr1	4279214	4279229
chr1	4280014	4280032
chr1	4280787	4280791
chr1	4281570	4281646
chr1	4282401	4282448
chr1	4284330	4284418
chr1	4285824	4285972
chr1	4286685	4286720
chr1	4287934	4288259
chr1	4291528	4291638
chr1	4293173	4293224
chr1	4299604	4299811
chr1	4303396	4303397
chr1	4305007	4305055
chr1	4305684	4305756
chr1	4306810	4306866
chr1	4308913	4309046
chr1	4310395	4310400
chr1	4310813	4311008
chr1	4312668	4312764
chr1	4313540	4313566
chr1	4313979	4314177
chr1	4314722	4314737
chr1	4315561	4315567
chr1	4316595	4318774
chr1	4319265	4319280
chr1	4319639	4320703
chr1	4321326	4321537
chr1	4322070	4322325
chr1	4323233	4323498
chr1	4323896	4324014
chr1	4324670	4324682
chr1	4324966	4325073
chr1	4325477	4325494
chr1	4325967	4326003
chr1	4327472	4327548
chr1	4328198	4328400
chr1	4329407	4329416
chr1	4329613	4330038
chr1	4336080	4336776
chr1	4338520	4338848
chr1	4340026	4340269
chr1	4341477	4341565
chr1	4341876	4341879
chr1	4342730	4342769
chr1	4345034	4345038
chr1	4348723	4348826
chr1	4350601	4350744
chr1	4351043	4351074
chr1	4352180	4352273
chr1	4352575	4352608
chr1	4352895	4353009
chr1	4356541	4356692
chr1	4357534	4357592
chr1	4359781	4360198
chr1	4361924	4362031
chr1	4364756	4364978
chr1	4366837	4366907
chr1	4372705	4372799
chr1	4373629	4373725
chr1	4374012	4374048
chr1	4374371	4374483
chr1	4375682	4375761
chr1	4375994	4376261
chr1	4380451	4380452
chr1	4381939	4381942
chr1	4382850	4383007
chr1	4383639	4383652
chr1	4383984	4384146
chr1	4386307	4386364
chr1	4386813	4387364
chr1	4390431	4390436
chr1	4390708	4390719
chr1	4391030	4391096
chr1	4391605	4391630
chr1	4393072	4393448
chr1	4400150	4400185
chr1	4400853	4400869
chr1	4401633	4401727
chr1	4403081	4403191
chr1	4404411	4404432
chr1	4405166	4405456
chr1	4408201	4408333
chr1	4408896	4408968
chr1	4410928	4411532
