upstream_gene,downstream_gene,start,end
Rv0001,Rv0002,1525,2051
Rv0002,Rv0003,3261,3279
Rv0004,Rv0005,4998,5239
Rv0005,Rv0006,7268,7301
Rv0006,Rv0007,9819,9913
Rv0007,Rv0008c,10829,11873
Rv0008c,Rv0009,12312,12467
Rv0009,Rv0010c,13017,13132
Rv0010c,Rv0011c,13559,13713
Rv0011c,Rv0012,13996,14088
Rv0012,Rv0013,14878,14913
Rv0018c,Rv0019c,23182,23269
Rv0019c,Rv0020c,23738,23860
Rv0020c,Rv0021c,25445,25912
Rv0021c,Rv0022c,26882,27022
Rv0022c,Rv0023,27443,27594
Rv0024,Rv0025,29208,29244
Rv0025,Rv0026,29608,29721
Rv0026,Rv0027,31069,31188
Rv0027,Rv0028,31507,31513
Rv0028,Rv0029,31820,32056
Rv0029,Rv0030,33155,33223
Rv0030,Rv0031,33554,33581
Rv0031,Rv0032,33795,34294
Rv0035,Rv0036c,38948,39055
Rv0036c,Rv0037c,39830,39876
Rv0037c,Rv0038,41203,41303
Rv0038,Rv0039c,41913,42003
Rv0039c,Rv0040c,42352,42432
Rv0040c,Rv0041,43366,43561
Rv0041,Rv0042c,46472,46580
Rv0042c,Rv0043c,47208,47365
Rv0043c,Rv0044c,48101,48232
Rv0044c,Rv0045c,49028,49042
Rv0045c,Rv0046c,49940,50020
Rv0046c,Rv0047c,51125,51184
Rv0047c,Rv0048c,51728,51827
Rv0048c,Rv0049,52698,52830
Rv0049,Rv0050,53245,53662
Rv0051,Rv0052,57379,57409
Rv0052,Rv0053,57974,58191
Rv0053,Rv0054,58483,58585
Rv0054,Rv0055,59081,59121
Rv0055,Rv0056,59377,59408
Rv0056,Rv0057,59868,59895
Rv0058,Rv0059,63021,63199
Rv0059,Rv0060,63893,63908
Rv0060,Rv0061c,64968,65011
Rv0061c,Rv0062,65351,65551
Rv0062,Rv0063,66695,66922
Rv0063,Rv0064,68363,68619
Rv0064,Rv0064A,71560,71588
Rv0065,Rv0066c,72223,72273
Rv0066c,Rv0067c,74512,74628
Rv0067c,Rv0068,75199,75300
Rv0068,Rv0069c,76213,76236
Rv0070c,Rv0071,78897,79485
Rv0071,Rv0072,80194,80623
Rv0072,Rv0073,81674,81675
Rv0073,Rv0074,82669,82747
Rv0074,Rv0075,83984,83995
Rv0075,Rv0076c,85169,85182
Rv0076c,Rv0077c,85573,85635
Rv0077c,Rv0078,86467,86527
Rv0078,Rv0078A,87134,87207
Rv0078B,Rv0079,88005,88203
Rv0080,Rv0081,89481,89574
Rv0081,Rv0082,89920,89923
Rv0083,Rv0084,92323,92327
Rv0084,Rv0085,93279,93288
Rv0087,Rv0088,96893,96926
Rv0088,Rv0089,97602,97757
Rv0089,Rv0090,98352,98479
Rv0090,Rv0091,99251,99683
Rv0091,Rv0092,100452,100582
Rv0093c,Rv0094c,103664,103709
Rv0094c,Rv0095c,104664,104804
Rv0095c,Rv0096,105216,105323
Rv0096,Rv0097,106716,106733
Rv0098,Rv0099,108152,108155
Rv0099,Rv0100,109779,109782
Rv0101,Rv0102,117540,117713
Rv0102,Rv0103c,119700,119914
Rv0103c,Rv0104,122174,122316
Rv0104,Rv0105c,123832,123979
Rv0105c,Rv0106,124265,124373
Rv0106,Rv0107c,125571,125642
Rv0107c,Rv0108c,130542,130894
Rv0108c,Rv0109,131105,131381
Rv0109,Rv0110,132873,133019
Rv0110,Rv0111,133770,133949
Rv0111,Rv0112,136008,136288
Rv0112,Rv0113,137246,137318
Rv0113,Rv0114,137910,137940
Rv0115,Rv0116c,139674,140266
Rv0116c,Rv0117,141023,141199
Rv0118c,Rv0119,143877,144048
Rv0119,Rv0120c,145627,145626
Rv0120c,Rv0121c,147772,147907
Rv0121c,Rv0122,148343,148490
Rv0123,Rv0124,149225,149532
Rv0124,Rv0125,150997,151147
Rv0125,Rv0126,152216,152323
Rv0126,Rv0127,154130,154231
Rv0127,Rv0128,155600,155666
Rv0128,Rv0129c,156447,156577
Rv0129c,Rv0130,157601,157846
Rv0130,Rv0131c,158303,158314
Rv0131c,Rv0132c,159659,159699
Rv0132c,Rv0133,160783,160868
Rv0133,Rv0134,161475,161770
Rv0135c,Rv0136,163250,163365
Rv0136,Rv0137c,164692,164711
Rv0137c,Rv0138,165261,165322
Rv0138,Rv0139,165827,165826
Rv0139,Rv0140,166850,166909
Rv0141c,Rv0142,167682,167710
Rv0142,Rv0143c,168638,168703
Rv0143c,Rv0144,170183,170283
Rv0144,Rv0145,171127,171214
Rv0145,Rv0146,172169,172210
Rv0146,Rv0147,173144,173237
Rv0147,Rv0148,174759,174832
Rv0148,Rv0149,175694,175699
Rv0150c,Rv0151c,176953,177542
Rv0151c,Rv0152c,179310,179318
Rv0152c,Rv0153c,180897,181154
Rv0153c,Rv0154c,181986,181986
Rv0154c,Rv0155,183199,183621
Rv0155,Rv0156,184723,184722
Rv0157,Rv0157A,186480,186494
Rv0157A,Rv0158,186624,186784
Rv0158,Rv0159c,187430,187432
Rv0159c,Rv0160c,188840,188930
Rv0160c,Rv0161,190440,190606
Rv0161,Rv0162c,191957,191983
Rv0163,Rv0164,193573,193625
Rv0164,Rv0165c,194112,194143
Rv0165c,Rv0166,194816,194992
Rv0166,Rv0167,196658,196860
Rv0167,Rv0168,197659,197659
Rv0168,Rv0169,198530,198533
Rv0174,Rv0175,206779,206813
Rv0178,Rv0179c,209673,209702
Rv0179c,Rv0180c,210813,210891
Rv0180c,Rv0181c,212251,212276
Rv0181c,Rv0182c,213012,213027
Rv0183,Rv0184,214928,214968
Rv0185,Rv0186,216225,216268
Rv0186,Rv0186A,218345,218389
Rv0186A,Rv0187,218552,218704
Rv0187,Rv0188,219368,219485
Rv0188,Rv0189c,219918,219995
Rv0189c,Rv0190,221724,221870
Rv0190,Rv0191,222162,222288
Rv0191,Rv0192,223531,223563
Rv0192A,Rv0193c,224665,224723
Rv0193c,Rv0194,226572,226877
Rv0194,Rv0195,230463,230898
Rv0195,Rv0196,231535,231646
Rv0198c,Rv0199,236508,236549
Rv0202c,Rv0203,241293,241513
Rv0203,Rv0204c,241925,241975
Rv0204c,Rv0205,243215,243383
Rv0206c,Rv0207c,247319,247383
Rv0207c,Rv0208c,248113,248114
Rv0208c,Rv0209,248907,249037
Rv0210,Rv0211,251599,251781
Rv0211,Rv0212c,253603,253668
Rv0213c,Rv0214,255951,256063
Rv0214,Rv0215c,257678,257782
Rv0215c,Rv0216,258857,258912
Rv0217c,Rv0218,260832,260923
Rv0218,Rv0219,262253,262253
Rv0219,Rv0220,262803,262811
Rv0220,Rv0221,264024,264066
Rv0221,Rv0222,265477,265506
Rv0222,Rv0223c,266296,266300
Rv0223c,Rv0224c,267765,267862
Rv0224c,Rv0225,268628,268662
Rv0225,Rv0226c,269818,269833
Rv0226c,Rv0227c,271565,271573
Rv0227c,Rv0228,272840,273054
Rv0228,Rv0229c,274279,274305
Rv0230c,Rv0231,275964,276057
Rv0231,Rv0232,277765,277898
Rv0233,Rv0234c,279530,279604
Rv0234c,Rv0235c,281141,281165
Rv0235c,Rv0236c,282615,282648
Rv0236c,Rv0236A,286852,286897
Rv0236A,Rv0237,287072,287185
Rv0237,Rv0238,288353,288427
Rv0238,Rv0239,289043,289103
Rv0239,Rv0240,289338,289344
Rv0240,Rv0241c,289783,289811
Rv0241c,Rv0242c,290655,290664
Rv0242c,Rv0243,292030,292170
Rv0243,Rv0244c,293494,293797
Rv0244c,Rv0245,295634,296004
Rv0245,Rv0246,296494,296808
Rv0247c,Rv0248c,298863,298862
Rv0248c,Rv0249c,300804,300833
Rv0249c,Rv0250c,301656,301734
Rv0250c,Rv0251c,302029,302172
Rv0251c,Rv0252,302653,302865
Rv0252,Rv0253,305428,305452
Rv0253,Rv0254c,305810,305824
Rv0254c,Rv0255c,306350,306373
Rv0255c,Rv0256c,307859,307876
Rv0256c,Rv0257,309548,309698
Rv0257,Rv0258c,310074,310293
Rv0258c,Rv0259c,310750,310773
Rv0260c,Rv0261c,312660,312758
Rv0261c,Rv0262c,314169,314308
Rv0262c,Rv0263c,314855,314863
Rv0263c,Rv0264c,315767,315782
Rv0264c,Rv0265c,316416,316510
Rv0265c,Rv0266c,317504,317524
Rv0266c,Rv0267,321155,321330
Rv0267,Rv0268c,322723,322763
Rv0268c,Rv0269c,323274,323337
Rv0269c,Rv0270,324532,324566
Rv0270,Rv0271c,326250,326265
Rv0271c,Rv0272c,328462,328574
Rv0273c,Rv0274,330326,330421
Rv0275c,Rv0276,331659,331747
Rv0276,Rv0277c,332669,332707
Rv0277c,Rv0278c,333137,333436
Rv0278c,Rv0279c,336311,336559
Rv0279c,Rv0280,339074,339363
Rv0280,Rv0281,340975,340997
Rv0281,Rv0282,341907,342129
Rv0285,Rv0286,349933,349934
Rv0286,Rv0287,351477,351524
Rv0287,Rv0288,351819,351847
Rv0288,Rv0289,352139,352148
Rv0289,Rv0290,353037,353082
Rv0293c,Rv0294,358065,358170
Rv0295c,Rv0296c,359749,359757
Rv0296c,Rv0297,361156,361333
Rv0297,Rv0298,363110,363251
Rv0299,Rv0300,363779,363825
Rv0301,Rv0302,364470,364604
Rv0303,Rv0304c,366143,366149
Rv0304c,Rv0305c,372765,372819
Rv0305c,Rv0306,375712,375913
Rv0307c,Rv0308,377056,377112
Rv0308,Rv0309,377830,377930
Rv0309,Rv0310c,378588,378656
Rv0310c,Rv0311,379149,379171
Rv0311,Rv0312,380402,380555
Rv0312,Rv0313,382419,382489
Rv0313,Rv0314c,382877,382878
Rv0314c,Rv0315,383542,383601
Rv0315,Rv0316,384487,384534
Rv0316,Rv0317c,385150,385172
Rv0317c,Rv0318c,385944,386304
Rv0318c,Rv0319,387100,387147
Rv0319,Rv0320,387817,387887
Rv0320,Rv0321,388551,388581
Rv0321,Rv0322,389155,389259
Rv0323c,Rv0324,391252,391351
Rv0324,Rv0325,392033,392038
Rv0325,Rv0326,392264,392272
Rv0327c,Rv0328,394046,394110
Rv0329c,Rv0330c,395321,395346
Rv0330c,Rv0331,396088,396200
Rv0331,Rv0332,397368,397441
Rv0332,Rv0333,398228,398253
Rv0333,Rv0334,398629,398657
Rv0334,Rv0335c,399525,399534
Rv0335c,Rv0336,400051,400191
Rv0336,Rv0337c,401704,401872
Rv0337c,Rv0338c,403163,403192
Rv0338c,Rv0339c,405842,405949
Rv0339c,Rv0340,408449,408633
Rv0340,Rv0341,409174,409361
Rv0341,Rv0342,410802,410837
Rv0343,Rv0344c,414239,414380
Rv0344c,Rv0345,414942,415049
Rv0345,Rv0346c,415461,415501
Rv0346c,Rv0347,416966,417303
Rv0347,Rv0348,418291,418292
Rv0348,Rv0349,418947,418948
Rv0349,Rv0350,419609,419834
Rv0351,Rv0352,422417,422451
Rv0353,Rv0354c,424020,424268
Rv0354c,Rv0355c,424695,424776
Rv0355c,Rv0356c,434680,434829
Rv0357c,Rv0358,436770,436859
Rv0358,Rv0359,437508,437517
Rv0359,Rv0360c,438298,438301
Rv0360c,Rv0361,438740,438821
Rv0361,Rv0362,439650,439870
Rv0362,Rv0363c,441254,441264
Rv0363c,Rv0364,442300,442394
Rv0365c,Rv0366c,444198,444221
Rv0366c,Rv0367c,444816,444843
Rv0367c,Rv0368c,445234,445313
Rv0368c,Rv0369c,446526,446530
Rv0369c,Rv0370c,447047,447146
Rv0372c,Rv0373c,449386,449403
Rv0374c,Rv0375c,452280,452293
Rv0375c,Rv0376c,453155,453229
Rv0376c,Rv0377,454373,454420
Rv0377,Rv0378,455387,455636
Rv0378,Rv0379,455859,455976
Rv0379,Rv0380c,456193,456267
Rv0380c,Rv0381c,456820,456914
Rv0381c,Rv0382c,457824,457840
Rv0382c,Rv0383c,458381,458460
Rv0383c,Rv0384c,459316,459455
Rv0384c,Rv0385,462003,462134
Rv0385,Rv0386,463308,463410
Rv0386,Rv0387c,466669,466671
Rv0387c,Rv0388c,467407,467458
Rv0388c,Rv0389,468002,468334
Rv0392c,Rv0393,472640,472780
Rv0393,Rv0394c,474107,474121
Rv0394c,Rv0395,474842,474939
Rv0395,Rv0396,475345,475349
Rv0396,Rv0397,475743,475815
Rv0397,Rv0397A,476185,476393
Rv0397A,Rv0398c,476643,476678
Rv0398c,Rv0399c,477321,477326
Rv0399c,Rv0400c,478557,478565
Rv0400c,Rv0401,479754,479788
Rv0401,Rv0402c,480161,480354
Rv0403c,Rv0404,483657,483976
Rv0406c,Rv0407,490706,490782
Rv0409,Rv0410c,495009,495061
Rv0412c,Rv0413,499620,499712
Rv0414c,Rv0415,501019,501147
Rv0417,Rv0418,503125,503495
Rv0418,Rv0419,504999,505085
Rv0420c,Rv0421c,506972,507131
Rv0422c,Rv0423c,508556,508581
Rv0423c,Rv0424c,510226,510376
Rv0424c,Rv0425c,510653,510701
Rv0425c,Rv0426c,515322,515372
Rv0426c,Rv0427c,515817,516016
Rv0427c,Rv0428c,516893,516894
Rv0429c,Rv0430,518397,518732
Rv0430,Rv0431,519042,519072
Rv0431,Rv0432,519568,519599
Rv0432,Rv0433,520323,520323
Rv0433,Rv0434,521455,521513
Rv0434,Rv0435c,522168,522346
Rv0437c,Rv0438c,526083,526142
Rv0438c,Rv0439c,527361,527378
Rv0439c,Rv0440,528315,528607
Rv0440,Rv0441c,530231,530295
Rv0441c,Rv0442c,530725,530750
Rv0442c,Rv0443,532215,532395
Rv0443,Rv0444c,532912,533090
Rv0444c,Rv0445c,533790,533832
Rv0445c,Rv0446c,534397,534444
Rv0446c,Rv0447c,535216,535223
Rv0448c,Rv0449c,537170,537228
Rv0449c,Rv0450c,538549,538587
Rv0451c,Rv0452,541911,542141
Rv0452,Rv0453,542853,543173
Rv0453,Rv0454,544731,544834
Rv0454,Rv0455c,545186,545374
Rv0455c,Rv0456c,545822,545888
Rv0456c,Rv0456A,546804,547075
Rv0456B,Rv0457c,547518,547585
Rv0457c,Rv0458,549608,549674
Rv0459,Rv0460,551690,551748
Rv0460,Rv0461,551989,552025
Rv0461,Rv0462,552551,552613
Rv0462,Rv0463,554009,554015
Rv0463,Rv0464c,554310,554312
Rv0465c,Rv0466,556307,556457
Rv0466,Rv0467,557253,557526
Rv0467,Rv0468,558814,558894
Rv0468,Rv0469,559756,559887
Rv0469,Rv0470c,560749,560847
Rv0470c,Rv0470A,561712,561853
Rv0471c,Rv0472c,562714,562722
Rv0472c,Rv0473,563428,563563
Rv0473,Rv0474,564935,565020
Rv0474,Rv0475,565444,565796
Rv0475,Rv0476,566397,566507
Rv0476,Rv0477,566772,566775
Rv0478,Rv0479c,567897,567920
Rv0480c,Rv0481c,569807,569987
Rv0481c,Rv0482,570513,570538
Rv0482,Rv0483,571649,571709
Rv0484c,Rv0485,573802,573983
Rv0485,Rv0486,575301,575347
Rv0487,Rv0488,577339,577663
Rv0488,Rv0489,578270,578425
Rv0489,Rv0490,579176,579348
Rv0490,Rv0491,580582,580808
Rv0493c,Rv0494,584691,584694
Rv0494,Rv0495c,585424,585423
Rv0495c,Rv0496,586315,586393
Rv0497,Rv0498,588310,588324
Rv0498,Rv0499,589168,589182
Rv0499,Rv0500,590059,590082
Rv0500,Rv0500A,590971,591110
Rv0500A,Rv0500B,591348,591474
Rv0500B,Rv0501,591577,591653
Rv0501,Rv0502,592785,592790
Rv0502,Rv0503c,593868,593870
Rv0503c,Rv0504c,594780,594801
Rv0504c,Rv0505c,595303,595463
Rv0505c,Rv0506,596586,596758
Rv0508,Rv0509,600392,600440
Rv0509,Rv0510,601848,601856
Rv0510,Rv0511,602787,602818
Rv0511,Rv0512,604517,604601
Rv0512,Rv0513,605592,605603
Rv0514,Rv0515,606449,606550
Rv0516c,Rv0517,608536,608745
Rv0517,Rv0518,610057,610187
Rv0518,Rv0519c,610884,611171
Rv0519c,Rv0520,612075,612254
Rv0521,Rv0522,612904,613037
Rv0523c,Rv0524,614722,614834
Rv0525,Rv0526,616832,616845
Rv0527,Rv0528,618273,618304
Rv0529,Rv0530,620866,620906
Rv0530A,Rv0531,622283,622328
Rv0531,Rv0532,622647,622792
Rv0533c,Rv0534c,625481,625561
Rv0534c,Rv0535,626441,626456
Rv0536,Rv0537c,628289,628297
Rv0537c,Rv0538,629732,630039
Rv0538,Rv0539,631687,631742
Rv0540,Rv0541c,633035,633054
Rv0541c,Rv0542c,634405,634415
Rv0542c,Rv0543c,635505,635572
Rv0543c,Rv0544c,635876,635934
Rv0545c,Rv0546c,637464,637582
Rv0546c,Rv0547c,637970,638031
Rv0547c,Rv0548c,638917,639011
Rv0548c,Rv0549c,639957,640227
Rv0550c,Rv0551c,640905,641095
Rv0551c,Rv0552,642812,642888
Rv0554,Rv0555,646256,646297
Rv0556,Rv0557,648475,648535
Rv0557,Rv0558,649673,649688
Rv0558,Rv0559c,650394,650406
Rv0559c,Rv0560c,650746,650778
Rv0560c,Rv0561c,651505,651528
Rv0561c,Rv0562,652756,652770
Rv0562,Rv0563,653779,653878
Rv0563,Rv0564c,654740,654923
Rv0564c,Rv0565c,655950,656009
Rv0565c,Rv0566c,657471,657547
Rv0566c,Rv0567,658040,658320
Rv0567,Rv0568,659341,659449
Rv0568,Rv0569,660869,661002
Rv0569,Rv0570,661270,661294
Rv0570,Rv0571c,663374,663486
Rv0571c,Rv0572c,664819,665041
Rv0572c,Rv0573c,665384,665850
Rv0573c,Rv0574c,667243,667251
Rv0574c,Rv0575c,668395,668578
Rv0575c,Rv0576,669746,669847
Rv0576,Rv0577,671153,671165
Rv0577,Rv0578c,671952,671995
Rv0578c,Rv0579,675917,676237
Rv0579,Rv0580c,676997,677124
Rv0580c,Rv0581,677617,677709
Rv0582,Rv0583c,678330,678388
Rv0583c,Rv0584,679076,679228
Rv0584,Rv0585c,681863,681884
Rv0585c,Rv0586,684273,684409
Rv0587,Rv0588,685927,685927
Rv0588,Rv0589,686816,686820
Rv0593,Rv0594,693233,693236
Rv0594,Rv0595c,694788,694838
Rv0596c,Rv0597c,695486,695667
Rv0597c,Rv0598c,696904,697153
Rv0599c,Rv0600c,697801,697903
Rv0600c,Rv0601c,698411,698523
Rv0601c,Rv0602c,698995,699037
Rv0602c,Rv0603,699800,699855
Rv0603,Rv0604,700168,700238
Rv0604,Rv0605,701190,701405
Rv0605,Rv0606,702015,702015
Rv0606,Rv0607,702760,702812
Rv0607,Rv0608,703200,703243
Rv0609A,Rv0610c,704058,704751
Rv0610c,Rv0611c,705910,705960
Rv0612,Rv0613c,706930,706947
Rv0617,Rv0618,711408,711535
Rv0620,Rv0621,713808,714201
Rv0621,Rv0622,715267,715369
Rv0622,Rv0623,716318,716409
Rv0624,Rv0625c,717060,717152
Rv0625c,Rv0626,717894,718024
Rv0627,Rv0628c,718690,718760
Rv0628c,Rv0629c,719913,720004
Rv0631c,Rv0632c,728307,728582
Rv0632c,Rv0633c,729279,729326
Rv0633c,Rv0634c,730167,730319
Rv0634c,Rv0634A,731034,731112
Rv0634A,Rv0634B,731365,731711
Rv0634B,Rv0635,731880,731929
Rv0636,Rv0637,732822,732824
Rv0637,Rv0638,733326,733736
Rv0638,Rv0639,734223,734253
Rv0639,Rv0640,734971,735021
Rv0640,Rv0641,735451,735516
Rv0641,Rv0642c,736225,736297
Rv0642c,Rv0643c,737204,737267
Rv0643c,Rv0644c,738150,738296
Rv0644c,Rv0645c,739161,739326
Rv0645c,Rv0646c,740188,740233
Rv0646c,Rv0647c,741140,741150
Rv0647c,Rv0648,742618,742718
Rv0650,Rv0651,747946,748275
Rv0651,Rv0652,748813,748848
Rv0653c,Rv0654,749930,749999
Rv0654,Rv0655,751506,751516
Rv0655,Rv0656c,752597,752983
Rv0656c,Rv0657c,753368,753461
Rv0657c,Rv0658c,753618,753692
Rv0658c,Rv0659c,754410,754684
Rv0660c,Rv0661c,755226,755334
Rv0662c,Rv0663,756024,756136
Rv0663,Rv0664,758501,758531
Rv0666,Rv0667,759310,759806
Rv0667,Rv0668,763326,763369
Rv0668,Rv0669c,767321,767683
Rv0669c,Rv0670,769598,769791
Rv0670,Rv0671,770551,770581
Rv0671,Rv0672,771425,771483
Rv0672,Rv0673,773113,773122
Rv0673,Rv0674,774062,774063
Rv0675,Rv0676c,775575,775585
Rv0677c,Rv0678,778906,778989
Rv0678,Rv0679c,779488,779542
Rv0679c,Rv0680c,780041,780041
Rv0680c,Rv0681,780417,780720
Rv0681,Rv0682,781312,781559
Rv0683,Rv0684,782405,782484
Rv0684,Rv0685,784591,784820
Rv0685,Rv0686,786012,786148
Rv0686,Rv0687,786947,787098
Rv0687,Rv0688,787927,787939
Rv0689c,Rv0690c,789412,790023
Rv0693,Rv0694,793333,793334
Rv0694,Rv0695,794526,794714
Rv0695,Rv0696,795471,795518
Rv0696,Rv0697,796932,796932
Rv0697,Rv0698,798373,798832
Rv0698,Rv0699,799445,799628
Rv0699,Rv0700,799851,800486
Rv0700,Rv0701,800793,800808
Rv0703,Rv0704,802436,802527
Rv0704,Rv0705,803371,803410
Rv0707,Rv0708,805107,805109
Rv0710,Rv0711,806167,806334
Rv0711,Rv0712,808699,808745
Rv0712,Rv0713,809646,809945
Rv0713,Rv0714,810888,811372
Rv0714,Rv0715,811742,811741
Rv0716,Rv0717,812623,812626
Rv0717,Rv0718,812813,812975
Rv0718,Rv0719,813375,813397
Rv0719,Rv0720,813938,813939
Rv0720,Rv0721,814309,814327
Rv0721,Rv0722,814991,814992
Rv0723,Rv0724,815631,815662
Rv0725c,Rv0726c,818445,818536
Rv0726c,Rv0727c,819641,819842
Rv0728c,Rv0729,821477,821506
Rv0729,Rv0730,822854,822865
Rv0730,Rv0731c,823595,823682
Rv0731c,Rv0732,824640,824799
Rv0733,Rv0734,826668,826669
Rv0734,Rv0735,827471,827542
Rv0735,Rv0736,828077,828139
Rv0736,Rv0737,828893,829206
Rv0737,Rv0738,829705,830061
Rv0738,Rv0739,830611,830854
Rv0739,Rv0740,831662,831775
Rv0740,Rv0741,832304,832533
Rv0741,Rv0742,832849,832980
Rv0742,Rv0743c,833509,833885
Rv0744c,Rv0745,834947,835153
Rv0745,Rv0746,835682,835700
Rv0746,Rv0747,838053,838450
Rv0747,Rv0748,840857,840946
Rv0748,Rv0749,841205,841227
Rv0749,Rv0749A,841657,841736
Rv0749A,Rv0750,841875,842032
Rv0750,Rv0751c,842279,842346
Rv0751c,Rv0752c,843232,843241
Rv0752c,Rv0753c,844415,844420
Rv0753c,Rv0754,845954,846158
Rv0754,Rv0755c,847914,848102
Rv0755c,Rv0755A,850041,850341
Rv0755A,Rv0756c,850528,850740
Rv0756c,Rv0757,851467,851607
Rv0757,Rv0758,852352,852395
Rv0759c,Rv0760c,854158,854266
Rv0760c,Rv0761c,854687,854698
Rv0761c,Rv0762c,855827,855924
Rv0762c,Rv0763c,856471,856472
Rv0763c,Rv0764c,856680,856681
Rv0767c,Rv0768,860711,860911
Rv0768,Rv0769,862382,862411
Rv0769,Rv0770,863159,863255
Rv0771,Rv0772,864575,864585
Rv0773c,Rv0774c,867390,867439
Rv0774c,Rv0775,868352,868406
Rv0776c,Rv0777,869764,870007
Rv0777,Rv0778,871427,871430
Rv0779c,Rv0780,873293,873342
Rv0782,Rv0783c,876391,876817
Rv0783c,Rv0784,878441,878637
Rv0784,Rv0785,879325,879339
Rv0785,Rv0786c,881041,881074
Rv0787,Rv0787A,882419,882523
Rv0788,Rv0789c,883435,883450
Rv0789c,Rv0790c,884051,884071
Rv0792c,Rv0793,886647,886718
Rv0793,Rv0794c,887025,887136
Rv0794c,Rv0795,888637,889071
Rv0796,Rv0797,890334,890387
Rv0799c,Rv0800,893274,893317
Rv0800,Rv0801,894620,894630
Rv0802c,Rv0803,895629,895819
Rv0804,Rv0805,898711,898830
Rv0806c,Rv0807,901331,901634
Rv0807,Rv0808,902025,902110
Rv0808,Rv0809,903695,903724
Rv0809,Rv0810c,904820,904904
Rv0810c,Rv0811c,905088,905233
Rv0811c,Rv0812,906341,906422
Rv0812,Rv0813c,907293,907337
Rv0813c,Rv0814c,908019,908180
Rv0814c,Rv0815c,908484,908484
Rv0815c,Rv0816c,909319,909610
Rv0817c,Rv0818,910843,910971
Rv0819,Rv0820,912684,912725
Rv0820,Rv0821c,913503,913557
Rv0821c,Rv0822c,914200,914256
Rv0822c,Rv0823c,916312,916476
Rv0823c,Rv0824c,917647,917733
Rv0824c,Rv0825c,918751,918911
Rv0825c,Rv0826,919554,919633
Rv0826,Rv0827c,920690,920740
Rv0827c,Rv0828c,921134,921190
Rv0829,Rv0830,921866,921969
Rv0830,Rv0831c,922876,922893
Rv0831c,Rv0832,923710,924950
Rv0833,Rv0834c,927611,927836
Rv0834c,Rv0835,930486,930952
Rv0835,Rv0836c,931598,932278
Rv0836c,Rv0837c,932933,933002
Rv0837c,Rv0838,934032,934719
Rv0838,Rv0839,935491,935576
Rv0839,Rv0840c,936390,936456
Rv0840c,Rv0841,937318,937592
Rv0841,Rv0842,937836,938111
Rv0843,Rv0844c,940393,940455
Rv0844c,Rv0845,941107,941189
Rv0845,Rv0846c,942468,942679
Rv0846c,Rv0847,944195,944342
Rv0847,Rv0848,944736,944937
Rv0851c,Rv0852,948469,948558
Rv0852,Rv0853c,949396,949435
Rv0853c,Rv0854,951119,951182
Rv0854,Rv0855,951627,951631
Rv0855,Rv0856,952712,952824
Rv0856,Rv0857,953230,953256
Rv0858c,Rv0859,954921,955076
Rv0859,Rv0860,956289,956292
Rv0860,Rv0861c,958456,958522
Rv0861c,Rv0862c,960152,960341
Rv0863,Rv0864,962881,962889
Rv0866,Rv0867c,964295,964311
Rv0867c,Rv0868c,965536,965982
Rv0868c,Rv0869c,966262,966264
Rv0870c,Rv0871,967734,967897
Rv0871,Rv0872c,968306,968423
Rv0872c,Rv0873,970245,970504
Rv0873,Rv0874c,972458,972545
Rv0874c,Rv0875c,973707,973805
Rv0876c,Rv0877,975938,976074
Rv0877,Rv0878c,976864,976871
Rv0878c,Rv0879c,978204,978480
Rv0879c,Rv0880,978757,978933
Rv0883c,Rv0884c,981268,981423
Rv0884c,Rv0885,982555,982761
Rv0885,Rv0886,983785,983802
Rv0887c,Rv0888,985972,987232
Rv0888,Rv0889c,988706,988739
Rv0889c,Rv0890c,989862,989947
Rv0890c,Rv0891c,992597,992597
Rv0891c,Rv0892,993456,993852
Rv0893c,Rv0894,996296,996523
Rv0894,Rv0895,997706,997781
Rv0895,Rv0896,999300,999471
Rv0896,Rv0897c,1000768,1000807
Rv0897c,Rv0898c,1002416,1002440
Rv0898c,Rv0899,1002705,1002811
Rv0899,Rv0900,1003793,1003804
Rv0901,Rv0902c,1004485,1004500
Rv0902c,Rv0903c,1005842,1005851
Rv0903c,Rv0904c,1006563,1006692
Rv0904c,Rv0905,1008181,1008206
Rv0905,Rv0906,1008939,1008943
Rv0906,Rv0907,1010063,1010135
Rv0908,Rv0909,1014125,1014680
Rv0909,Rv0910,1014861,1014865
Rv0910,Rv0911,1015301,1015397
Rv0911,Rv0912,1016172,1016235
Rv0912,Rv0913c,1016686,1017216
Rv0913c,Rv0914c,1018726,1018726
Rv0914c,Rv0915c,1019966,1020057
Rv0915c,Rv0916c,1021330,1021343
Rv0916c,Rv0917,1021644,1022086
Rv0917,Rv0918,1023869,1024210
Rv0919,Rv0920c,1025185,1025496
Rv0920c,Rv0921,1026817,1027103
Rv0922,Rv0923c,1029338,1029512
Rv0923c,Rv0924c,1030578,1030577
Rv0924c,Rv0925c,1031865,1031895
Rv0925c,Rv0926c,1032634,1032709
Rv0926c,Rv0927c,1033787,1033839
Rv0927c,Rv0928,1034632,1034902
Rv0928,Rv0929,1036016,1036027
Rv0931c,Rv0932c,1039915,1039935
Rv0932c,Rv0933,1041049,1041263
Rv0933,Rv0934,1042095,1042114
Rv0934,Rv0935,1043240,1043298
Rv0935,Rv0936,1044316,1044316
Rv0937c,Rv0938,1046021,1046135
Rv0939,Rv0940c,1050347,1050592
Rv0940c,Rv0941c,1051460,1051543
Rv0941c,Rv0942,1052318,1052359
Rv0942,Rv0943c,1052639,1052695
Rv0943c,Rv0944,1053737,1053764
Rv0944,Rv0945,1054242,1054246
Rv0945,Rv0946c,1055009,1055023
Rv0946c,Rv0948c,1056686,1057645
Rv0948c,Rv0949,1057964,1058259
Rv0949,Rv0950c,1060576,1060655
Rv0950c,Rv0951,1061655,1061963
Rv0951,Rv0952,1063128,1063139
Rv0952,Rv0953c,1064052,1064113
Rv0953c,Rv0954,1064963,1065126
Rv0954,Rv0955,1066039,1066077
Rv0955,Rv0956,1067446,1067560
Rv0957,Rv0958,1069777,1069882
Rv0959,Rv0959A,1073274,1073326
Rv0960,Rv0961,1073929,1074073
Rv0961,Rv0962c,1074422,1074439
Rv0962c,Rv0963c,1075115,1075296
Rv0963c,Rv0964c,1076098,1076195
Rv0964c,Rv0965c,1076679,1076777
Rv0965c,Rv0966c,1077198,1077232
Rv0966c,Rv0967,1077836,1077974
Rv0967,Rv0968,1078335,1078390
Rv0968,Rv0969,1078688,1078742
Rv0970,Rv0971c,1081685,1081774
Rv0973c,Rv0974c,1085751,1085755
Rv0974c,Rv0975c,1087346,1087347
Rv0976c,Rv0977,1090176,1090372
Rv0977,Rv0978c,1093145,1093360
Rv0978c,Rv0979c,1094357,1094669
Rv0979c,Rv0979A,1094865,1094885
Rv0979A,Rv0980c,1095060,1095077
Rv0980c,Rv0981,1096452,1096821
Rv0982,Rv0983,1099023,1099065
Rv0984,Rv0985c,1101006,1101024
Rv0985c,Rv0986,1101481,1101802
Rv0987,Rv0988,1105110,1105115
Rv0988,Rv0989c,1106277,1106404
Rv0989c,Rv0990c,1107383,1107442
Rv0990c,Rv0991c,1108100,1108171
Rv0991c,Rv0992c,1108505,1108577
Rv0992c,Rv0993,1109172,1109271
Rv0993,Rv0994,1110193,1110268
Rv0994,Rv0995,1111550,1111611
Rv0995,Rv0996,1112224,1112383
Rv0996,Rv0997,1113461,1114292
Rv0997,Rv0998,1114725,1114747
Rv0998,Rv0999,1115750,1115766
Rv0999,Rv1000c,1116526,1116530
Rv1000c,Rv1001,1117149,1117184
Rv1001,Rv1002c,1118394,1118427
Rv1002c,Rv1003,1119940,1120021
Rv1003,Rv1004c,1120880,1120888
Rv1004c,Rv1005c,1122149,1122221
Rv1005c,Rv1006,1123599,1123713
Rv1006,Rv1007c,1125418,1125443
Rv1007c,Rv1008,1127004,1127088
Rv1008,Rv1009,1127884,1128090
Rv1010,Rv1011,1130106,1130190
Rv1011,Rv1012,1131112,1131127
Rv1012,Rv1013,1131422,1131624
Rv1013,Rv1014c,1133260,1133332
Rv1014c,Rv1015c,1133909,1133920
Rv1015c,Rv1016c,1134569,1134784
Rv1016c,Rv1017c,1135466,1135500
Rv1017c,Rv1018c,1136482,1136572
Rv1018c,Rv1019,1138061,1138314
Rv1019,Rv1020,1138909,1138966
Rv1021,Rv1022,1143649,1143735
Rv1022,Rv1023,1144468,1144563
Rv1023,Rv1024,1145854,1145857
Rv1024,Rv1025,1146545,1146560
Rv1026,Rv1027c,1147979,1148426
Rv1028c,Rv1028A,1151687,1151919
Rv1031,Rv1032c,1156423,1156425
Rv1032c,Rv1033c,1157956,1157962
Rv1033c,Rv1034c,1158737,1158917
Rv1034c,Rv1035c,1159308,1159374
Rv1035c,Rv1036c,1160062,1160094
Rv1036c,Rv1037c,1160434,1160543
Rv1037c,Rv1038c,1160829,1160854
Rv1038c,Rv1039c,1161152,1161296
Rv1039c,Rv1040c,1162473,1162548
Rv1040c,Rv1041c,1163377,1164571
Rv1042c,Rv1043c,1165500,1165780
Rv1043c,Rv1044,1166807,1167052
Rv1045,Rv1046c,1168555,1168703
Rv1046c,Rv1047,1169229,1169422
Rv1047,Rv1048c,1170671,1171037
Rv1048c,Rv1049,1172154,1172385
Rv1049,Rv1050,1172833,1172880
Rv1050,Rv1051c,1173787,1173944
Rv1051c,Rv1052,1174701,1175722
Rv1053c,Rv1054,1176287,1176927
Rv1055,Rv1056,1177374,1177627
Rv1056,Rv1057,1178393,1179395
Rv1057,Rv1058,1180578,1180683
Rv1058,Rv1059,1182316,1182390
Rv1059,Rv1060,1183456,1183507
Rv1060,Rv1061,1183982,1184014
Rv1061,Rv1062,1184879,1184882
Rv1062,Rv1063c,1185741,1185740
Rv1063c,Rv1064c,1186824,1186903
Rv1064c,Rv1065,1187324,1187434
Rv1066,Rv1067c,1188394,1188420
Rv1067c,Rv1068c,1190425,1190756
Rv1068c,Rv1069c,1192149,1192509
Rv1070c,Rv1071c,1195044,1195054
Rv1071c,Rv1072,1196093,1196278
Rv1072,Rv1073,1197116,1197230
Rv1073,Rv1074c,1198083,1198155
Rv1074c,Rv1075c,1199374,1199425
Rv1075c,Rv1076,1200371,1200766
Rv1076,Rv1077,1201661,1201716
Rv1077,Rv1078,1203112,1203312
Rv1078,Rv1079,1204036,1204066
Rv1079,Rv1080c,1205234,1205303
Rv1080c,Rv1081c,1205799,1205983
Rv1081c,Rv1082,1206419,1206519
Rv1084,Rv1085c,1209658,1209755
Rv1085c,Rv1086,1210485,1210594
Rv1086,Rv1087,1211384,1211559
Rv1087,Rv1087A,1213864,1214039
Rv1087A,Rv1088,1214361,1214512
Rv1089,Rv1089A,1215132,1215516
Rv1090,Rv1091,1216055,1216468
Rv1091,Rv1092c,1219031,1219247
Rv1092c,Rv1093,1220187,1220573
Rv1093,Rv1094,1221855,1221958
Rv1094,Rv1095,1222787,1222996
Rv1095,Rv1096,1224299,1224384
Rv1096,Rv1097c,1225261,1225262
Rv1098c,Rv1099c,1227566,1227595
Rv1100,Rv1101c,1229385,1229390
Rv1101c,Rv1102c,1230549,1230659
Rv1103c,Rv1104,1231292,1231300
Rv1104,Rv1105,1231991,1232310
Rv1105,Rv1106c,1232827,1232843
Rv1106c,Rv1107c,1233957,1233965
Rv1109c,Rv1110,1236096,1236184
Rv1110,Rv1111c,1237193,1237208
Rv1111c,Rv1112,1238193,1238254
Rv1112,Rv1113,1239329,1239415
Rv1114,Rv1115,1239985,1240186
Rv1115,Rv1116,1240886,1241002
Rv1116A,Rv1117,1241391,1241632
Rv1117,Rv1118c,1241957,1241970
Rv1118c,Rv1119c,1242832,1242863
Rv1120c,Rv1121,1243505,1243706
Rv1121,Rv1122,1245108,1245128
Rv1123c,Rv1124,1247053,1247126
Rv1124,Rv1125,1248078,1248081
Rv1125,Rv1126c,1249327,1249329
Rv1127c,Rv1128c,1251405,1251616
Rv1128c,Rv1129c,1252973,1253073
Rv1129c,Rv1130,1254535,1254554
Rv1131,Rv1132,1257314,1257324
Rv1132,Rv1133c,1259056,1259066
Rv1133c,Rv1134,1261347,1261921
Rv1134,Rv1135c,1262159,1262271
Rv1135c,Rv1135A,1264129,1264313
Rv1135A,Rv1136,1264557,1264605
Rv1136,Rv1137c,1264948,1265086
Rv1137c,Rv1138c,1265456,1265471
Rv1139c,Rv1140,1266986,1267346
Rv1140,Rv1141c,1268196,1268202
Rv1141c,Rv1142c,1269010,1269151
Rv1142c,Rv1143,1269959,1270061
Rv1143,Rv1144,1271145,1271155
Rv1144,Rv1145,1271909,1272422
Rv1145,Rv1146,1273335,1273354
Rv1146,Rv1147,1274768,1274899
Rv1147,Rv1148c,1275551,1276299
Rv1148c,Rv1149,1277749,1277892
Rv1149,Rv1151c,1278301,1278903
Rv1151c,Rv1152,1279618,1279654
Rv1155,Rv1156,1281873,1282305
Rv1156,Rv1157c,1282894,1283055
Rv1157c,Rv1158c,1284172,1284178
Rv1158c,Rv1159,1284863,1284991
Rv1159A,Rv1160,1286569,1286594
Rv1160,Rv1161,1287021,1287327
Rv1161,Rv1162,1291027,1291064
Rv1162,Rv1163,1292742,1292797
Rv1163,Rv1164,1293404,1293405
Rv1164,Rv1165,1294147,1294167
Rv1165,Rv1166,1296055,1296151
Rv1166,Rv1167c,1298060,1298086
Rv1167c,Rv1168c,1298693,1298763
Rv1168c,Rv1169c,1299805,1299821
Rv1169c,Rv1170,1300125,1300303
Rv1170,Rv1171,1301216,1301306
Rv1171,Rv1172c,1301748,1301754
Rv1172c,Rv1173,1302682,1302930
Rv1173,Rv1174c,1305502,1305668
Rv1174c,Rv1175c,1306002,1306201
Rv1176c,Rv1177,1308793,1309004
Rv1177,Rv1178,1309332,1309363
Rv1178,Rv1179c,1310453,1310479
Rv1179c,Rv1180,1313300,1313724
Rv1180,Rv1181,1315192,1315233
Rv1181,Rv1182,1319983,1320034
Rv1182,Rv1183,1321454,1321519
Rv1183,Rv1184c,1324529,1324531
Rv1184c,Rv1185c,1325612,1325775
Rv1185c,Rv1186c,1327513,1327688
Rv1186c,Rv1187,1329306,1329389
Rv1188,Rv1189,1332011,1332091
Rv1189,Rv1190,1332965,1332979
Rv1190,Rv1191,1333859,1333930
Rv1191,Rv1192,1334846,1334926
Rv1192,Rv1193,1335755,1335793
Rv1193,Rv1194c,1337216,1337247
Rv1194c,Rv1195,1338514,1339002
Rv1195,Rv1196,1339303,1339348
Rv1196,Rv1197,1340525,1340658
Rv1197,Rv1198,1340956,1341005
Rv1198,Rv1199c,1341291,1341357
Rv1199c,Rv1200,1342606,1342941
Rv1201c,Rv1202,1345170,1345259
Rv1203c,Rv1204c,1346906,1346935
Rv1204c,Rv1205,1348625,1348718
Rv1205,Rv1206,1349283,1349331
Rv1206,Rv1207,1351126,1351190
Rv1208,Rv1209,1353119,1353156
Rv1210,Rv1211,1354137,1354242
Rv1211,Rv1212c,1354471,1354497
Rv1212c,Rv1213,1355662,1355835
Rv1213,Rv1214c,1357051,1357292
Rv1214c,Rv1215c,1357626,1357758
Rv1215c,Rv1216c,1359445,1359471
Rv1216c,Rv1217c,1360147,1360154
Rv1219c,Rv1220c,1363362,1363502
Rv1220c,Rv1221,1364151,1364412
Rv1221,Rv1222,1365187,1365343
Rv1222,Rv1223,1365809,1365874
Rv1223,Rv1224,1367462,1367462
Rv1224,Rv1225c,1367859,1367890
Rv1225c,Rv1226c,1368722,1368831
Rv1227c,Rv1228,1370826,1370919
Rv1228,Rv1229c,1371478,1371776
Rv1229c,Rv1230c,1372950,1372961
Rv1230c,Rv1231c,1374198,1374321
Rv1232c,Rv1233c,1376169,1376229
Rv1233c,Rv1234,1376827,1376975
Rv1234,Rv1235,1377504,1377523
Rv1236,Rv1237,1379851,1379854
Rv1237,Rv1238,1380680,1380683
Rv1238,Rv1239c,1381866,1381941
Rv1239c,Rv1240,1383043,1383212
Rv1240,Rv1241,1384203,1384277
Rv1242,Rv1243c,1384967,1384988
Rv1243c,Rv1244,1386678,1386856
Rv1244,Rv1245c,1387718,1387797
Rv1245c,Rv1246c,1388629,1388684
Rv1247c,Rv1248c,1389245,1389356
Rv1248c,Rv1249c,1393053,1393193
Rv1249c,Rv1250,1393983,1394178
Rv1251c,Rv1252c,1399241,1399295
Rv1252c,Rv1253,1399905,1399969
Rv1256c,Rv1257c,1404604,1404716
Rv1259,Rv1260,1408239,1408239
Rv1260,Rv1261c,1409359,1409483
Rv1261c,Rv1262c,1409934,1409937
Rv1262c,Rv1263,1410373,1410430
Rv1263,Rv1264,1411820,1411893
Rv1264,Rv1265,1413088,1413259
Rv1265,Rv1266c,1413941,1413959
Rv1266c,Rv1267c,1415841,1416180
Rv1267c,Rv1268c,1417348,1417657
Rv1268c,Rv1269c,1418357,1418578
Rv1269c,Rv1270c,1418954,1419013
Rv1270c,Rv1271c,1419749,1419960
Rv1271c,Rv1272c,1420303,1420409
Rv1273c,Rv1274,1424051,1424196
Rv1275,Rv1276c,1425294,1425437
Rv1276c,Rv1277,1425915,1426163
Rv1278,Rv1279,1430042,1430061
Rv1279,Rv1280c,1431649,1431664
Rv1283c,Rv1284,1437118,1437323
Rv1284,Rv1285,1437816,1437908
Rv1286,Rv1287,1440752,1440804
Rv1287,Rv1288,1441291,1441347
Rv1288,Rv1289,1442719,1442766
Rv1289,Rv1290c,1443400,1443481
Rv1290c,Rv1290A,1445048,1445057
Rv1290A,Rv1291c,1445373,1445498
Rv1291c,Rv1292,1445835,1446378
Rv1293,Rv1294,1449372,1449374
Rv1295,Rv1296,1451780,1451996
Rv1296,Rv1297,1452948,1453203
Rv1297,Rv1298,1455013,1455162
Rv1298,Rv1299,1455406,1455494
Rv1300,Rv1301,1457543,1457557
Rv1301,Rv1302,1458212,1458294
Rv1302,Rv1303,1459510,1459765
Rv1304,Rv1305,1460997,1461044
Rv1305,Rv1306,1461291,1461320
Rv1306,Rv1307,1461837,1461842
Rv1307,Rv1308,1463184,1463227
Rv1308,Rv1309,1464878,1464883
Rv1309,Rv1310,1465802,1465840
Rv1310,Rv1311,1467302,1467314
Rv1311,Rv1312,1467681,1467687
Rv1312,Rv1313c,1468132,1468170
Rv1313c,Rv1314c,1469506,1469670
Rv1314c,Rv1315,1470253,1470320
Rv1315,Rv1316c,1471578,1477133
Rv1317c,Rv1318c,1479119,1479198
Rv1318c,Rv1319c,1480825,1480893
Rv1319c,Rv1320c,1482502,1482513
Rv1320c,Rv1321,1484218,1484278
Rv1321,Rv1322,1484960,1484981
Rv1322,Rv1322A,1485279,1485312
Rv1322A,Rv1323,1485772,1485861
Rv1323,Rv1324,1487032,1487160
Rv1324,Rv1325c,1488076,1488153
Rv1325c,Rv1326c,1489966,1490116
Rv1326c,Rv1327c,1492313,1492319
Rv1327c,Rv1328,1494426,1494563
Rv1328,Rv1329c,1497156,1497194
Rv1329c,Rv1330c,1499190,1499212
Rv1330c,Rv1331,1500560,1500660
Rv1332,Rv1333,1501583,1501598
Rv1333,Rv1334,1502634,1502640
Rv1334,Rv1335,1503082,1503102
Rv1335,Rv1336,1503385,1503393
Rv1338,Rv1339,1505891,1505916
Rv1339,Rv1340,1506739,1506754
Rv1340,Rv1341,1507535,1507572
Rv1343c,Rv1344,1508924,1508967
Rv1347c,Rv1348,1512606,1513046
Rv1349,Rv1350,1517363,1517490
Rv1351,Rv1352,1518561,1518762
Rv1352,Rv1353c,1519135,1519199
Rv1353c,Rv1354c,1519986,1520004
Rv1354c,Rv1355c,1521877,1521884
Rv1356c,Rv1357c,1524821,1525292
Rv1357c,Rv1358,1526217,1526611
Rv1358,Rv1359,1530092,1530172
Rv1359,Rv1360,1530926,1531347
Rv1360,Rv1361c,1532371,1532442
Rv1361c,Rv1362c,1533634,1533947
Rv1363c,Rv1364c,1535393,1535682
Rv1364c,Rv1365c,1537645,1537782
Rv1365c,Rv1366,1538170,1538389
Rv1366A,Rv1367c,1539441,1539511
Rv1367c,Rv1368,1540646,1541019
Rv1368,Rv1369c,1541806,1541993
Rv1370c,Rv1371,1543256,1543358
Rv1372,Rv1373,1546007,1546011
Rv1373,Rv1374c,1546993,1547071
Rv1374c,Rv1375,1547531,1547831
Rv1377c,Rv1378c,1551218,1551227
Rv1385,Rv1386,1561270,1561463
Rv1387,Rv1388,1563389,1563693
Rv1388,Rv1389,1564267,1564400
Rv1389,Rv1390,1565028,1565092
Rv1390,Rv1391,1565426,1565440
Rv1391,Rv1392,1566698,1566824
Rv1392,Rv1393c,1568037,1568108
Rv1394c,Rv1395,1570970,1571046
Rv1395,Rv1396c,1572082,1572126
Rv1396c,Rv1397c,1573858,1574111
Rv1398c,Rv1399c,1574768,1574849
Rv1399c,Rv1400c,1575810,1575833
Rv1400c,Rv1401,1576797,1576929
Rv1401,Rv1402,1577533,1577612
Rv1402,Rv1403c,1579581,1579597
Rv1403c,Rv1404,1580423,1580590
Rv1404,Rv1405c,1581074,1581144
Rv1405c,Rv1406,1581970,1582165
Rv1407,Rv1408,1584475,1584498
Rv1410c,Rv1411c,1587767,1587771
Rv1411c,Rv1412,1588483,1588566
Rv1412,Rv1413,1589173,1589385
Rv1414,Rv1415,1590293,1590396
Rv1417,Rv1418,1592615,1592638
Rv1418,Rv1419,1593326,1593504
Rv1419,Rv1420,1593979,1594041
Rv1423,Rv1424c,1598884,1598892
Rv1424c,Rv1425,1599655,1599657
Rv1425,Rv1426c,1601038,1601058
Rv1427c,Rv1428c,1603929,1603931
Rv1428c,Rv1429,1604760,1604877
Rv1429,Rv1430,1606147,1606385
Rv1430,Rv1431,1607973,1608082
Rv1432,Rv1433,1611271,1611433
Rv1433,Rv1434,1612250,1612255
Rv1435c,Rv1436,1612951,1613306
Rv1436,Rv1437,1614327,1614328
Rv1438,Rv1439c,1616350,1616960
Rv1439c,Rv1440,1617387,1617836
Rv1440,Rv1441c,1618071,1618208
Rv1441c,Rv1442,1619685,1619790
Rv1442,Rv1443c,1622092,1622206
Rv1443c,Rv1444c,1622693,1623286
Rv1444c,Rv1445c,1623698,1623713
Rv1446c,Rv1447c,1625366,1625417
Rv1448c,Rv1449c,1628081,1628096
Rv1449c,Rv1450c,1630200,1630637
Rv1450c,Rv1451,1634628,1635028
Rv1451,Rv1452c,1635956,1636003
Rv1452c,Rv1453,1638230,1638380
Rv1453,Rv1454c,1639647,1639673
Rv1454c,Rv1455,1640661,1640679
Rv1456c,Rv1457c,1642426,1642536
Rv1458c,Rv1459c,1644261,1644362
Rv1459c,Rv1460,1646139,1646185
Rv1463,Rv1464,1651517,1651517
Rv1466,Rv1467c,1653579,1653672
Rv1467c,Rv1468c,1655503,1655608
Rv1468c,Rv1469,1656722,1656962
Rv1469,Rv1470,1658937,1658979
Rv1470,Rv1471,1659355,1659369
Rv1471,Rv1472,1659742,1659762
Rv1472,Rv1473,1660621,1660655
Rv1473,Rv1473A,1662285,1662380
Rv1473A,Rv1474c,1662573,1662640
Rv1474c,Rv1475c,1663205,1663214
Rv1475c,Rv1476,1666047,1666203
Rv1476,Rv1477,1666765,1666989
Rv1477,Rv1478,1668409,1668418
Rv1478,Rv1479,1669145,1669282
Rv1480,Rv1481,1671367,1671376
Rv1481,Rv1482c,1672385,1672456
Rv1482c,Rv1483,1673300,1673439
Rv1483,Rv1484,1674184,1674201
Rv1484,Rv1485,1675012,1675016
Rv1486c,Rv1487,1676884,1676940
Rv1487,Rv1488,1677376,1677396
Rv1488,Rv1489,1678543,1678551
Rv1489,Rv1489A,1678909,1678941
Rv1489A,Rv1490,1679173,1679321
Rv1490,Rv1491c,1680630,1681207
Rv1491c,Rv1492,1681967,1682156
Rv1492,Rv1493,1684005,1684004
Rv1493,Rv1494,1686258,1686270
Rv1496,Rv1497,1687889,1687940
Rv1497,Rv1498c,1689231,1689302
Rv1498c,Rv1498A,1689921,1690133
Rv1498A,Rv1499,1690347,1690406
Rv1499,Rv1500,1690806,1690849
Rv1500,Rv1501,1691879,1691889
Rv1501,Rv1502,1692712,1692923
Rv1502,Rv1503c,1693824,1693995
Rv1503c,Rv1504c,1694545,1694544
Rv1504c,Rv1505c,1695145,1695280
Rv1506c,Rv1507c,1696444,1696726
Rv1507A,Rv1508c,1697860,1698094
Rv1509,Rv1510,1701094,1701294
Rv1510,Rv1511,1702594,1703073
Rv1513,Rv1514c,1705790,1705806
Rv1514c,Rv1515c,1706596,1706629
Rv1515c,Rv1516c,1707527,1707528
Rv1516c,Rv1517,1708540,1708870
Rv1517,Rv1518,1709636,1709643
Rv1518,Rv1519,1710604,1710732
Rv1519,Rv1520,1711003,1711027
Rv1520,Rv1521,1712069,1712301
Rv1521,Rv1522c,1714054,1714171
Rv1522c,Rv1523,1717613,1717652
Rv1523,Rv1524,1718697,1718725
Rv1524,Rv1525,1719971,1720016
Rv1526c,Rv1527c,1722061,1722082
Rv1527c,Rv1528c,1728410,1728952
Rv1528c,Rv1529,1729451,1729501
Rv1529,Rv1530,1731257,1731372
Rv1531,Rv1532c,1733040,1733115
Rv1532c,Rv1533,1733551,1733609
Rv1534,Rv1535,1735412,1735975
Rv1535,Rv1536,1736213,1736518
Rv1536,Rv1537,1739645,1739855
Rv1538c,Rv1539,1742193,1742243
Rv1540,Rv1541c,1743772,1743777
Rv1541c,Rv1542c,1744372,1744425
Rv1542c,Rv1543,1744837,1745063
Rv1543,Rv1544,1746090,1746093
Rv1544,Rv1545,1746898,1746918
Rv1545,Rv1546,1747147,1747194
Rv1546,Rv1547,1747627,1747693
Rv1547,Rv1548c,1751249,1751296
Rv1548c,Rv1549,1753334,1753509
Rv1550,Rv1551,1755432,1755444
Rv1551,Rv1552,1757311,1757680
Rv1552,Rv1553,1759433,1759434
Rv1555,Rv1556,1760930,1760996
Rv1556,Rv1557,1761606,1761743
Rv1557,Rv1558,1762938,1762946
Rv1558,Rv1559,1763394,1763427
Rv1559,Rv1560,1764718,1764754
Rv1560,Rv1561,1764974,1764978
Rv1561,Rv1562c,1765384,1765399
Rv1563c,Rv1564c,1769433,1769435
Rv1564c,Rv1565c,1771602,1771639
Rv1565c,Rv1566c,1773830,1773927
Rv1566c,Rv1567c,1774621,1774859
Rv1567c,Rv1568,1775145,1775391
Rv1571,Rv1572c,1779049,1779193
Rv1572c,Rv1573,1779299,1779313
Rv1573,Rv1574,1779725,1779929
Rv1576c,Rv1577c,1782065,1782071
Rv1577c,Rv1578c,1782585,1782757
Rv1578c,Rv1579c,1783229,1783308
Rv1580c,Rv1581c,1783893,1783905
Rv1581c,Rv1582c,1784302,1784496
Rv1584c,Rv1585c,1786529,1786583
Rv1587c,Rv1588c,1789164,1789167
Rv1588c,Rv1589,1789837,1790283
Rv1589,Rv1590,1791334,1791333
Rv1591,Rv1592c,1792236,1792399
Rv1592c,Rv1593c,1793741,1793996
Rv1593c,Rv1594,1794708,1794755
Rv1596,Rv1597,1798246,1798293
Rv1597,Rv1598c,1799053,1799072
Rv1598c,Rv1599,1799484,1799582
Rv1602,Rv1603,1803285,1803293
Rv1603,Rv1604,1804032,1804038
Rv1604,Rv1605,1804852,1804852
Rv1606,Rv1607,1806001,1806180
Rv1607,Rv1608c,1807264,1807297
Rv1608c,Rv1609,1807763,1807902
Rv1610,Rv1611,1810151,1810239
Rv1611,Rv1612,1811059,1811126
Rv1614,Rv1615,1814578,1815252
Rv1616,Rv1617,1816082,1816188
Rv1617,Rv1618,1817608,1817614
Rv1618,Rv1619,1818518,1818574
Rv1621c,Rv1622c,1823274,1823359
Rv1622c,Rv1623c,1824401,1824429
Rv1623c,Rv1624c,1825888,1825997
Rv1624c,Rv1625c,1826586,1826613
Rv1625c,Rv1626,1827946,1828179
Rv1626,Rv1627c,1828798,1828864
Rv1628c,Rv1629,1830562,1830664
Rv1629,Rv1630,1833380,1833541
Rv1630,Rv1631,1834988,1835012
Rv1631,Rv1632c,1836237,1836386
Rv1632c,Rv1633,1836831,1837074
Rv1635c,Rv1636,1842243,1842450
Rv1636,Rv1637c,1842892,1842897
Rv1637c,Rv1638,1843693,1843740
Rv1638,Rv1638A,1846660,1846715
Rv1638A,Rv1639c,1846974,1846988
Rv1639c,Rv1640c,1848459,1848516
Rv1640c,Rv1641,1852036,1852272
Rv1641,Rv1642,1852879,1852927
Rv1642,Rv1643,1853123,1853183
Rv1643,Rv1644,1853574,1853605
Rv1644,Rv1645c,1854389,1854398
Rv1645c,Rv1646,1855455,1855763
Rv1646,Rv1647,1856697,1856773
Rv1647,Rv1648,1857725,1857730
Rv1648,Rv1649,1858538,1858732
Rv1650,Rv1651c,1862254,1862346
Rv1651c,Rv1652,1865383,1865575
Rv1657,Rv1658,1871355,1871362
Rv1658,Rv1659,1872560,1872638
Rv1659,Rv1660,1874052,1874159
Rv1660,Rv1661,1875222,1875303
Rv1661,Rv1662,1881685,1881703
Rv1663,Rv1664,1888021,1888025
Rv1664,Rv1665,1891080,1891225
Rv1666c,Rv1667c,1893563,1893576
Rv1668c,Rv1669,1895343,1895724
Rv1669,Rv1670,1896088,1896119
Rv1670,Rv1671,1896468,1896474
Rv1671,Rv1672c,1896868,1896875
Rv1672c,Rv1673c,1898208,1898299
Rv1673c,Rv1674c,1899233,1899259
Rv1674c,Rv1675c,1899917,1900240
Rv1675c,Rv1676,1900976,1901046
Rv1677,Rv1678,1902297,1902396
Rv1679,Rv1680,1904421,1904428
Rv1681,Rv1682,1906243,1906402
Rv1682,Rv1683,1907321,1907593
Rv1685c,Rv1686c,1911400,1911400
Rv1686c,Rv1687c,1912082,1912152
Rv1687c,Rv1688,1912921,1912978
Rv1688,Rv1689,1913591,1913601
Rv1689,Rv1690,1914877,1915526
Rv1690,Rv1691,1915911,1915948
Rv1693,Rv1694,1917933,1917939
Rv1695,Rv1696,1919670,1919682
Rv1696,Rv1697,1921447,1921541
Rv1697,Rv1698,1922724,1922744
Rv1698,Rv1699,1923690,1923828
Rv1701,Rv1702c,1927138,1927210
Rv1702c,Rv1703c,1928576,1929130
Rv1703c,Rv1704c,1929722,1929785
Rv1704c,Rv1705c,1931457,1931496
Rv1705c,Rv1706c,1932655,1932693
Rv1706c,Rv1706A,1933879,1934481
Rv1706A,Rv1707,1934650,1934881
Rv1707,Rv1708,1936343,1936359
Rv1713,Rv1714,1941680,1941852
Rv1715,Rv1716,1943574,1943575
Rv1717,Rv1718,1944757,1944808
Rv1718,Rv1719,1945628,1945640
Rv1719,Rv1720c,1946421,1947029
Rv1721c,Rv1722,1947644,1947860
Rv1723,Rv1724c,1950590,1950631
Rv1725c,Rv1726,1951752,1951851
Rv1726,Rv1727,1953238,1953269
Rv1727,Rv1728c,1953840,1953863
Rv1729c,Rv1730c,1955570,1955691
Rv1730c,Rv1731,1957246,1957676
Rv1731,Rv1732c,1959234,1959242
Rv1732c,Rv1733c,1959792,1959854
Rv1733c,Rv1734c,1960488,1960773
Rv1734c,Rv1735c,1961017,1961290
Rv1735c,Rv1736c,1961789,1962227
Rv1737c,Rv1738,1965371,1965656
Rv1738,Rv1739c,1965942,1965954
Rv1739c,Rv1740,1967638,1967704
Rv1741,Rv1742,1968166,1968172
Rv1742,Rv1743,1968911,1969003
Rv1743,Rv1744c,1970705,1970988
Rv1745c,Rv1746,1971992,1972137
Rv1746,Rv1747,1973569,1973629
Rv1747,Rv1748,1976228,1976599
Rv1749c,Rv1750c,1977886,1977968
Rv1750c,Rv1751,1979568,1979620
Rv1751,Rv1752,1981004,1981129
Rv1752,Rv1753c,1981580,1981613
Rv1753c,Rv1754c,1984776,1984978
Rv1754c,Rv1755c,1986671,1986853
Rv1755c,Rv1756c,1987697,1987744
Rv1757c,Rv1758,1989007,1989041
Rv1758,Rv1759c,1989567,1989832
Rv1759c,Rv1760,1992578,1993152
Rv1760,Rv1761c,1994662,1994670
Rv1762c,Rv1763,1995843,1996151
Rv1764,Rv1765c,1997414,1997417
Rv1765c,Rv1765A,1998516,1999141
Rv1765A,Rv1766,1999358,1999736
Rv1766,Rv1767,2000007,2000073
Rv1767,Rv1768,2000434,2000613
Rv1768,Rv1769,2002471,2002625
Rv1769,Rv1770,2003871,2003877
Rv1771,Rv1772,2006448,2006635
Rv1772,Rv1773c,2006948,2007019
Rv1773c,Rv1774,2007767,2007831
Rv1775,Rv1776c,2009991,2009994
Rv1776c,Rv1777,2010556,2010655
Rv1777,Rv1778c,2011961,2012080
Rv1778c,Rv1779c,2012531,2012685
Rv1779c,Rv1780,2014480,2014698
Rv1780,Rv1781c,2015263,2015301
Rv1781c,Rv1782,2017477,2017739
Rv1783,Rv1785c,2023433,2023446
Rv1785c,Rv1786,2024629,2024827
Rv1786,Rv1787,2025032,2025300
Rv1787,Rv1788,2026399,2026476
Rv1788,Rv1789,2026777,2026789
Rv1789,Rv1790,2027972,2028424
Rv1790,Rv1791,2029478,2029903
Rv1791,Rv1793,2030204,2030693
Rv1793,Rv1794,2030979,2031065
Rv1794,Rv1795,2031969,2032239
Rv1798,Rv1799,2038533,2039158
Rv1799,Rv1800,2039351,2039452
Rv1800,Rv1801,2041421,2042000
Rv1801,Rv1802,2043273,2043383
Rv1802,Rv1803c,2044776,2044922
Rv1803c,Rv1804c,2046843,2047022
Rv1804c,Rv1805c,2047350,2047686
Rv1805c,Rv1806,2048035,2048071
Rv1806,Rv1807,2048372,2048397
Rv1807,Rv1808,2049598,2049920
Rv1808,Rv1809,2051151,2051281
Rv1809,Rv1810,2052689,2052932
Rv1810,Rv1811,2053290,2053442
Rv1811,Rv1812c,2054148,2054156
Rv1812c,Rv1813c,2055360,2055680
Rv1813c,Rv1814,2056113,2056520
Rv1814,Rv1815,2057424,2057527
Rv1815,Rv1816,2058194,2058255
Rv1816,Rv1817,2058961,2059594
Rv1817,Rv1818c,2061059,2061177
Rv1818c,Rv1819c,2062675,2062808
Rv1819c,Rv1820,2064729,2064798
Rv1820,Rv1821,2066443,2066456
Rv1821,Rv1822,2068884,2069079
Rv1823,Rv1824,2070626,2070653
Rv1824,Rv1825,2071020,2071035
Rv1825,Rv1826,2071915,2071951
Rv1826,Rv1827,2072357,2072595
Rv1828,Rv1829,2073825,2073942
Rv1829,Rv1830,2074438,2074840
Rv1830,Rv1831,2075519,2075570
Rv1831,Rv1832,2075829,2075876
Rv1832,Rv1833c,2078703,2078928
Rv1833c,Rv1834,2079790,2079829
Rv1834,Rv1835c,2080697,2080700
Rv1835c,Rv1836c,2082588,2082602
Rv1836c,Rv1837c,2084637,2084755
Rv1837c,Rv1838c,2086982,2087256
Rv1839c,Rv1840c,2087913,2087970
Rv1840c,Rv1841c,2089519,2089680
Rv1842c,Rv1843c,2092086,2092258
Rv1843c,Rv1844c,2093699,2093730
Rv1844c,Rv1845c,2095189,2095217
Rv1845c,Rv1846c,2096169,2096182
Rv1846c,Rv1847,2096600,2096876
Rv1847,Rv1848,2097300,2097347
Rv1851,Rv1852,2100330,2100339
Rv1852,Rv1853,2101015,2101021
Rv1853,Rv1854c,2101649,2101650
Rv1854c,Rv1855c,2103043,2103183
Rv1855c,Rv1856c,2104108,2104145
Rv1856c,Rv1857,2104824,2104984
Rv1857,Rv1858,2105771,2105772
Rv1858,Rv1859,2106568,2106573
Rv1859,Rv1860,2107684,2107735
Rv1860,Rv1861,2108714,2109164
Rv1861,Rv1862,2109471,2109543
Rv1862,Rv1863c,2110585,2110590
Rv1865c,Rv1866,2112967,2113139
Rv1866,Rv1867,2115477,2115763
Rv1867,Rv1868,2117249,2117346
Rv1868,Rv1869c,2119447,2119459
Rv1869c,Rv1870c,2120696,2120794
Rv1870c,Rv1871c,2121431,2121494
Rv1871c,Rv1872c,2121885,2121906
Rv1872c,Rv1873,2123152,2123173
Rv1873,Rv1874,2123612,2123683
Rv1874,Rv1875,2124371,2124380
Rv1875,Rv1876,2124825,2125339
Rv1876,Rv1877,2125820,2125903
Rv1877,Rv1878,2127968,2128021
Rv1878,Rv1879,2129375,2129376
Rv1879,Rv1880c,2130514,2130540
Rv1880c,Rv1881c,2131858,2131906
Rv1881c,Rv1882c,2132330,2132369
Rv1882c,Rv1883c,2133204,2133230
Rv1883c,Rv1884c,2133693,2133730
Rv1884c,Rv1885c,2134262,2134272
Rv1885c,Rv1886c,2134873,2134889
Rv1886c,Rv1887,2135868,2136257
Rv1887,Rv1888c,2137401,2137518
Rv1888c,Rv1888A,2138080,2138443
Rv1888A,Rv1889c,2138618,2138660
Rv1889c,Rv1890c,2139018,2139075
Rv1890c,Rv1891,2139688,2139740
Rv1891,Rv1892,2140149,2140164
Rv1892,Rv1893,2140477,2140485
Rv1893,Rv1894c,2140705,2140738
Rv1894c,Rv1895,2141870,2142520
Rv1896c,Rv1897c,2144447,2144450
Rv1897c,Rv1898,2144883,2144939
Rv1900c,Rv1901,2147634,2147661
Rv1901,Rv1902c,2148955,2149005
Rv1902c,Rv1903,2150275,2150363
Rv1903,Rv1904,2150769,2150953
Rv1904,Rv1905c,2151386,2151432
Rv1905c,Rv1906c,2152396,2152424
Rv1906c,Rv1907c,2152896,2153234
Rv1907c,Rv1908c,2153883,2153888
Rv1908c,Rv1909c,2156112,2156148
Rv1909c,Rv1910c,2156593,2156705
Rv1910c,Rv1911c,2157300,2157381
Rv1911c,Rv1912c,2157988,2158086
Rv1912c,Rv1913,2159092,2159190
Rv1914c,Rv1915,2160329,2160462
Rv1916,Rv1917c,2162763,2162931
Rv1917c,Rv1918c,2167312,2167648
Rv1918c,Rv1919c,2170613,2171060
Rv1919c,Rv1920,2171526,2171622
Rv1920,Rv1921c,2172487,2172523
Rv1921c,Rv1922,2173796,2174066
Rv1923,Rv1924c,2176514,2176549
Rv1924c,Rv1925,2176931,2177086
Rv1925,Rv1926c,2178950,2178956
Rv1926c,Rv1927,2179437,2179672
Rv1927,Rv1928c,2180447,2180449
Rv1928c,Rv1929c,2181218,2181261
Rv1929c,Rv1930c,2181907,2181917
Rv1930c,Rv1931c,2182443,2182459
Rv1931c,Rv1932,2183240,2183371
Rv1933c,Rv1934c,2184958,2184958
Rv1934c,Rv1935c,2186189,2186202
Rv1935c,Rv1936,2187160,2187383
Rv1936,Rv1937,2188494,2188495
Rv1937,Rv1938,2191016,2191026
Rv1941,Rv1942c,2194435,2194643
Rv1944c,Rv1945,2195935,2195988
Rv1945,Rv1946c,2197354,2197507
Rv1946c,Rv1947,2197961,2198023
Rv1947,Rv1948c,2198426,2198713
Rv1948c,Rv1949c,2199065,2199074
Rv1950c,Rv1951c,2200190,2200189
Rv1951c,Rv1952,2200487,2200725
Rv1955,Rv1956,2202097,2202137
Rv1958c,Rv1959c,2203633,2203680
Rv1961,Rv1962c,2204707,2204865
Rv1962c,Rv1962A,2205274,2205276
Rv1962A,Rv1963c,2205550,2205581
Rv1963c,Rv1964,2206803,2207699
Rv1964,Rv1965,2208498,2208506
Rv1965,Rv1966,2209323,2209326
Rv1970,Rv1971,2215257,2215256
Rv1971,Rv1972,2216571,2216591
Rv1973,Rv1974,2217647,2217658
Rv1974,Rv1975,2218037,2218051
Rv1975,Rv1976c,2218718,2218843
Rv1976c,Rv1977,2219252,2219753
Rv1977,Rv1978,2220801,2220907
Rv1979c,Rv1980c,2223165,2223342
Rv1980c,Rv1981c,2224030,2224219
Rv1981c,Rv1982c,2225189,2225412
Rv1982c,Rv1982A,2225833,2225840
Rv1982A,Rv1983,2226102,2226243
Rv1984c,Rv1985c,2228562,2228990
Rv1985c,Rv1986,2229903,2230010
Rv1986,Rv1987,2230611,2231025
Rv1987,Rv1988,2231455,2231679
Rv1988,Rv1989c,2232220,2232738
Rv1990c,Rv1990A,2233638,2233880
Rv1990A,Rv1991c,2234217,2234304
Rv1991A,Rv1992c,2234892,2234990
Rv1993c,Rv1994c,2237576,2237627
Rv1994c,Rv1995,2237985,2238140
Rv1995,Rv1996,2238909,2239003
Rv1996,Rv1997,2239958,2240158
Rv1997,Rv1998c,2242877,2242944
Rv1998c,Rv1999c,2243722,2243815
Rv1999c,Rv2000,2245139,2245208
Rv2000,Rv2001,2246823,2246831
Rv2001,Rv2002,2247585,2247659
Rv2002,Rv2003c,2248443,2248562
Rv2003c,Rv2004c,2249421,2249477
Rv2004c,Rv2005c,2250975,2250995
Rv2005c,Rv2006,2251884,2252001
Rv2006,Rv2007c,2255986,2256083
Rv2007c,Rv2008c,2256429,2256616
Rv2008c,Rv2009,2257943,2258029
Rv2009,Rv2010,2258273,2258272
Rv2010,Rv2011c,2258672,2258853
Rv2011c,Rv2012,2259286,2259325
Rv2012,Rv2013,2259821,2260664
Rv2014,Rv2015c,2261689,2261815
Rv2015c,Rv2016,2263073,2263425
Rv2017,Rv2018,2265039,2265279
Rv2019,Rv2020c,2266406,2266420
Rv2020c,Rv2021c,2266721,2266804
Rv2021c,Rv2022c,2267111,2267118
Rv2022c,Rv2023c,2267725,2267748
Rv2023c,Rv2024c,2268109,2268692
Rv2024c,Rv2025c,2270241,2270749
Rv2025c,Rv2026c,2271749,2271862
Rv2026c,Rv2027c,2272748,2272786
Rv2027c,Rv2028c,2274509,2274568
Rv2029c,Rv2030c,2276425,2276440
Rv2030c,Rv2031c,2278487,2278497
Rv2031c,Rv2032,2278933,2279128
Rv2032,Rv2033c,2280125,2280239
Rv2033c,Rv2034,2281083,2281293
Rv2036,Rv2037c,2282741,2282746
Rv2037c,Rv2038c,2283722,2283722
Rv2038c,Rv2039c,2284797,2284798
Rv2041c,Rv2042c,2287847,2287883
Rv2043c,Rv2044c,2289242,2289281
Rv2044c,Rv2045c,2289600,2289684
Rv2045c,Rv2046,2291221,2291268
Rv2046,Rv2047c,2291926,2291961
Rv2047c,Rv2048c,2294527,2294530
Rv2048c,Rv2049c,2306987,2307292
Rv2049c,Rv2050,2307518,2307820
Rv2051c,Rv2052c,2310756,2310912
Rv2052c,Rv2053c,2312518,2312521
Rv2053c,Rv2054,2313050,2313124
Rv2054,Rv2055c,2313839,2314086
Rv2055c,Rv2056c,2314354,2314353
Rv2056c,Rv2057c,2314660,2314660
Rv2058c,Rv2059,2315062,2315173
Rv2061c,Rv2062c,2317086,2317168
Rv2062c,Rv2063,2320754,2320830
Rv2064,Rv2065,2322543,2322551
Rv2067c,Rv2068c,2325871,2325885
Rv2068c,Rv2069,2326810,2326943
Rv2072c,Rv2073c,2330147,2330213
Rv2073c,Rv2074,2330964,2330992
Rv2074,Rv2075c,2331407,2331415
Rv2075c,Rv2076c,2332880,2333036
Rv2076c,Rv2077c,2333289,2333322
Rv2077c,Rv2077A,2334295,2334294
Rv2077A,Rv2078,2334595,2335058
Rv2080,Rv2081c,2337870,2338064
Rv2081c,Rv2082,2338506,2338708
Rv2084,Rv2085,2342945,2343026
Rv2086,Rv2087,2343917,2343993
Rv2087,Rv2088,2344225,2344410
Rv2088,Rv2089c,2346181,2346196
Rv2089c,Rv2090,2347325,2347372
Rv2090,Rv2091c,2348555,2348557
Rv2091c,Rv2092c,2349293,2349333
Rv2092c,Rv2093c,2352055,2352102
Rv2093c,Rv2094c,2353030,2353045
Rv2094c,Rv2095c,2353298,2353364
Rv2096c,Rv2097c,2355311,2355318
Rv2097c,Rv2100,2356678,2358388
Rv2100,Rv2101,2360042,2360239
Rv2101,Rv2102,2363282,2363390
Rv2103c,Rv2104c,2364521,2364526
Rv2104c,Rv2105,2364782,2365464
Rv2106,Rv2107,2366727,2367358
Rv2107,Rv2108,2367656,2367710
Rv2108,Rv2109c,2368443,2368982
Rv2111c,Rv2112c,2370793,2370904
Rv2112c,Rv2113,2372570,2372629
Rv2113,Rv2114,2373824,2373833
Rv2114,Rv2115c,2374458,2374460
Rv2115c,Rv2116,2376291,2376570
Rv2116,Rv2117,2377141,2377147
Rv2117,Rv2118c,2377442,2377469
Rv2118c,Rv2119,2378313,2378385
Rv2119,Rv2120c,2379223,2379244
Rv2120c,Rv2121c,2379728,2379805
Rv2121c,Rv2122c,2380661,2380662
Rv2122c,Rv2123,2380945,2381070
Rv2124c,Rv2125,2386068,2386292
Rv2125,Rv2126c,2387172,2387201
Rv2126c,Rv2127,2387973,2388615
Rv2128,Rv2129c,2390289,2390307
Rv2129c,Rv2130c,2391190,2391214
Rv2130c,Rv2131c,2392460,2392516
Rv2131c,Rv2132,2393321,2393410
Rv2132,Rv2133c,2393642,2393850
Rv2133c,Rv2134c,2394640,2394649
Rv2134c,Rv2135c,2395238,2395300
Rv2136c,Rv2137c,2396839,2396901
Rv2137c,Rv2138,2397316,2397329
Rv2138,Rv2139,2398407,2398719
Rv2139,Rv2140c,2399794,2399797
Rv2140c,Rv2141c,2400329,2400375
Rv2141c,Rv2142c,2401723,2402192
Rv2142A,Rv2143,2402723,2402976
Rv2143,Rv2144c,2404036,2404164
Rv2144c,Rv2145c,2404522,2404615
Rv2145c,Rv2146c,2405399,2405665
Rv2146c,Rv2147c,2405957,2406117
Rv2148c,Rv2149c,2407617,2407621
Rv2149c,Rv2150c,2408375,2408384
Rv2150c,Rv2151c,2409525,2409696
Rv2154c,Rv2155c,2414923,2414933
Rv2155c,Rv2156c,2416395,2416395
Rv2158c,Rv2159c,2420609,2420630
Rv2161c,Rv2162c,2423138,2423239
Rv2162c,Rv2163c,2424839,2425047
Rv2165c,Rv2166c,2429426,2429426
Rv2166c,Rv2167c,2429859,2430158
Rv2168c,Rv2169c,2431421,2431564
Rv2169c,Rv2170,2431970,2432234
Rv2170,Rv2171,2432856,2432950
Rv2172c,Rv2173,2434537,2434846
Rv2173,Rv2174,2435906,2435908
Rv2175c,Rv2176,2437887,2437940
Rv2176,Rv2177c,2439141,2439281
Rv2177c,Rv2178c,2439948,2440331
Rv2178c,Rv2179c,2441721,2441810
Rv2179c,Rv2180c,2442318,2442326
Rv2180c,Rv2181,2443215,2443301
Rv2181,Rv2182c,2444586,2444585
Rv2182c,Rv2183c,2445330,2445414
Rv2184c,Rv2185c,2446947,2447065
Rv2185c,Rv2186c,2447501,2447604
Rv2186c,Rv2187,2447995,2448159
Rv2187,Rv2188c,2449963,2449992
Rv2188c,Rv2189c,2451151,2451246
Rv2189c,Rv2190c,2452021,2452114
Rv2190c,Rv2191,2453273,2453818
Rv2192c,Rv2193,2456744,2456900
Rv2193,Rv2194,2457513,2457552
Rv2196,Rv2197c,2461328,2461503
Rv2198c,Rv2199c,2463048,2463232
Rv2199c,Rv2200c,2463653,2463659
Rv2200c,Rv2201,2464752,2464996
Rv2201,Rv2202c,2466956,2467052
Rv2202c,Rv2203,2468028,2468230
Rv2203,Rv2204c,2468924,2468930
Rv2204c,Rv2205c,2469288,2469386
Rv2205c,Rv2206,2470464,2470621
Rv2206,Rv2207,2471333,2471410
Rv2208,Rv2209,2473243,2473399
Rv2210c,Rv2211c,2475971,2476041
Rv2211c,Rv2212,2477182,2477189
Rv2212,Rv2213,2478327,2478337
Rv2213,Rv2214c,2479886,2479922
Rv2214c,Rv2215,2481702,2481964
Rv2216,Rv2217,2484532,2484583
Rv2218,Rv2219,2486209,2486234
Rv2219,Rv2219A,2486988,2486993
Rv2219A,Rv2220,2487417,2487614
Rv2220,Rv2221c,2489052,2489368
Rv2221c,Rv2222c,2492354,2492401
Rv2222c,Rv2223c,2493743,2493836
Rv2223c,Rv2224c,2495400,2495460
Rv2224c,Rv2225,2497024,2497741
Rv2225,Rv2226,2498588,2498831
Rv2226,Rv2227,2500374,2500930
Rv2227,Rv2228c,2501633,2501643
Rv2231c,Rv2231A,2505700,2505735
Rv2231A,Rv2231B,2506162,2506206
Rv2236c,Rv2237,2509376,2509488
Rv2237,Rv2237A,2510257,2510350
Rv2237A,Rv2238c,2510588,2510714
Rv2239c,Rv2240c,2511653,2511689
Rv2240c,Rv2241,2512281,2512538
Rv2241,Rv2242,2515245,2515303
Rv2242,Rv2243,2516549,2516786
Rv2243,Rv2244,2517696,2517770
Rv2245,Rv2246,2519366,2519395
Rv2246,Rv2247,2520713,2520742
Rv2247,Rv2248,2522165,2522359
Rv2248,Rv2249c,2523176,2523240
Rv2250c,Rv2250A,2525355,2525401
Rv2252,Rv2253,2527919,2527983
Rv2253,Rv2254c,2528488,2528519
Rv2254c,Rv2255c,2528976,2528979
Rv2255c,Rv2256c,2529175,2529340
Rv2256c,Rv2257c,2529875,2530003
Rv2257c,Rv2258c,2530823,2530835
Rv2258c,Rv2259,2531898,2532244
Rv2260,Rv2261c,2533966,2534041
Rv2261c,Rv2262c,2534465,2534469
Rv2262c,Rv2263,2535553,2535640
Rv2264c,Rv2265,2538351,2538699
Rv2265,Rv2266,2539930,2540103
Rv2266,Rv2267c,2541391,2541643
Rv2268c,Rv2269c,2544277,2544288
Rv2269c,Rv2270,2544622,2544697
Rv2270,Rv2271,2545226,2545331
Rv2271,Rv2272,2545632,2545736
Rv2273,Rv2274c,2546432,2546487
Rv2274c,Rv2274A,2546806,2546838
Rv2276,Rv2277c,2548940,2549123
Rv2277c,Rv2278,2550030,2550064
Rv2279,Rv2280,2551327,2551559
Rv2280,Rv2281,2552940,2553172
Rv2281,Rv2282c,2554832,2554937
Rv2282c,Rv2283,2555877,2555940
Rv2283,Rv2284,2556136,2556144
Rv2284,Rv2285,2557441,2557472
Rv2285,Rv2286c,2558811,2558876
Rv2286c,Rv2287,2559570,2559702
Rv2289,Rv2290,2562458,2562598
Rv2290,Rv2291,2563115,2563173
Rv2291,Rv2292c,2564029,2564028
Rv2292c,Rv2293c,2564254,2564291
Rv2293c,Rv2294,2565033,2565326
Rv2294,Rv2295,2566551,2566771
Rv2295,Rv2296,2567411,2567503
Rv2296,Rv2297,2568407,2568437
Rv2297,Rv2298,2568891,2569081
Rv2298,Rv2299c,2570054,2570058
Rv2299c,Rv2300c,2572003,2572075
Rv2300c,Rv2301,2573009,2573014
Rv2301,Rv2302,2573708,2573812
Rv2302,Rv2303c,2574056,2574095
Rv2304c,Rv2305,2575226,2575808
Rv2305,Rv2306A,2577099,2577107
Rv2307c,Rv2307A,2578697,2579227
Rv2307A,Rv2307B,2579420,2579503
Rv2307B,Rv2307D,2579936,2580027
Rv2307D,Rv2308,2580211,2580418
Rv2308,Rv2309c,2581136,2581842
Rv2309c,Rv2309A,2582299,2583044
Rv2309A,Rv2310,2583333,2583434
Rv2310,Rv2311,2583780,2583883
Rv2311,Rv2312,2584409,2584485
Rv2312,Rv2313c,2584756,2585051
Rv2313c,Rv2314c,2585907,2585916
Rv2315c,Rv2316,2588805,2588837
Rv2318,Rv2319c,2591841,2591847
Rv2320c,Rv2321c,2594154,2594153
Rv2323c,Rv2324,2596270,2596333
Rv2324,Rv2325c,2596781,2597008
Rv2326c,Rv2327,2599948,2599987
Rv2327,Rv2328,2600480,2600730
Rv2328,Rv2329c,2601880,2601913
Rv2329c,Rv2330c,2603462,2603694
Rv2330c,Rv2331,2604223,2604296
Rv2331,Rv2331A,2604684,2604739
Rv2331A,Rv2332,2605079,2605107
Rv2333c,Rv2334,2608322,2608795
Rv2334,Rv2335,2609729,2609731
Rv2335,Rv2336,2610422,2610836
Rv2336,Rv2337c,2611806,2611868
Rv2337c,Rv2338c,2612988,2613106
Rv2338c,Rv2339,2614064,2614692
Rv2339,Rv2340c,2617582,2617666
Rv2340c,Rv2341,2618909,2619596
Rv2341,Rv2342,2620017,2620271
Rv2342,Rv2343c,2620530,2620532
Rv2343c,Rv2344c,2622453,2622456
Rv2344c,Rv2345,2623753,2623820
Rv2345,Rv2346c,2625804,2625887
Rv2346c,Rv2347c,2626173,2626222
Rv2347c,Rv2348c,2626520,2626653
Rv2348c,Rv2349c,2626981,2627171
Rv2349c,Rv2350c,2628699,2628780
Rv2350c,Rv2351c,2630320,2630536
Rv2351c,Rv2352c,2632076,2632922
Rv2352c,Rv2353c,2634099,2634527
Rv2353c,Rv2354,2635593,2635627
Rv2355,Rv2356c,2636890,2637687
Rv2356c,Rv2357c,2639536,2639672
Rv2357c,Rv2358,2641065,2641245
Rv2359,Rv2360c,2642043,2642149
Rv2362c,Rv2363,2644259,2644319
Rv2364c,Rv2365c,2646674,2646746
Rv2367c,Rv2368c,2648913,2648915
Rv2370c,Rv2371,2651559,2651752
Rv2371,Rv2372c,2651939,2652036
Rv2372c,Rv2373c,2652826,2652838
Rv2373c,Rv2374c,2653988,2654061
Rv2374c,Rv2375,2655094,2655264
Rv2375,Rv2376c,2655583,2655608
Rv2376c,Rv2377c,2656116,2656214
Rv2380c,Rv2381c,2667116,2667254
Rv2383c,Rv2384,2675838,2675935
Rv2384,Rv2385,2677634,2677728
Rv2385,Rv2386c,2678650,2678652
Rv2386c,Rv2387,2680006,2680764
Rv2388c,Rv2389c,2683143,2683247
Rv2390c,Rv2391,2684267,2684678
Rv2393,Rv2394,2687974,2688009
Rv2394,Rv2395,2689942,2690071
Rv2395,Rv2395A,2692076,2692223
Rv2395A,Rv2395B,2692440,2692550
Rv2395B,Rv2396,2692716,2692798
Rv2396,Rv2397c,2693885,2693908
Rv2397c,Rv2398c,2694965,2694980
Rv2400c,Rv2401,2697715,2697727
Rv2401A,Rv2402,2698246,2698528
Rv2402,Rv2403c,2700458,2700534
Rv2404c,Rv2405,2703249,2703268
Rv2405,Rv2406c,2703839,2704008
Rv2406c,Rv2407,2704438,2704696
Rv2407,Rv2408,2705519,2706016
Rv2411c,Rv2412,2709966,2710074
Rv2412,Rv2413c,2710336,2710350
Rv2413c,Rv2414c,2711302,2711331
Rv2414c,Rv2415c,2712877,2712890
Rv2415c,Rv2416c,2713785,2714123
Rv2416c,Rv2417c,2715333,2715471
Rv2417c,Rv2418c,2716315,2716394
Rv2421c,Rv2422,2718809,2719082
Rv2422,Rv2423,2719356,2719596
Rv2423,Rv2424c,2720644,2720775
Rv2424c,Rv2425c,2721778,2721865
Rv2426c,Rv2427c,2724184,2724229
Rv2427c,Rv2428,2725478,2726192
Rv2428,Rv2429,2726781,2726805
Rv2430c,Rv2431c,2727921,2727966
Rv2431c,Rv2432c,2728267,2728436
Rv2435c,Rv2436,2732750,2733229
Rv2436,Rv2437,2734145,2734375
Rv2438A,Rv2439c,2736988,2737116
Rv2440c,Rv2441c,2739687,2739771
Rv2441c,Rv2442c,2740033,2740046
Rv2442c,Rv2443,2740362,2740708
Rv2444c,Rv2445c,2744985,2745313
Rv2445c,Rv2446c,2745725,2745766
Rv2448c,Rv2449c,2750226,2750312
Rv2449c,Rv2450c,2751573,2751661
Rv2450c,Rv2451,2752181,2752261
Rv2451,Rv2452c,2752661,2752847
Rv2452c,Rv2453c,2752995,2753017
Rv2453c,Rv2454c,2753624,2753624
Rv2455c,Rv2456c,2756705,2756935
Rv2456c,Rv2457c,2758193,2758207
Rv2457c,Rv2458,2759489,2759778
Rv2458,Rv2459,2760688,2760853
Rv2459,Rv2460c,2762381,2762530
Rv2461c,Rv2462c,2763775,2763890
Rv2462c,Rv2463,2765292,2765654
Rv2463,Rv2464c,2766840,2766858
Rv2464c,Rv2465c,2767666,2767670
Rv2465c,Rv2466c,2768160,2768260
Rv2466c,Rv2467,2768885,2768985
Rv2467,Rv2468c,2771572,2771643
Rv2468A,Rv2469c,2772332,2772366
Rv2469c,Rv2470,2773036,2773177
Rv2471,Rv2472,2775205,2775271
Rv2472,Rv2473,2775566,2775567
Rv2473,Rv2474c,2776285,2776315
Rv2474c,Rv2475c,2776970,2776974
Rv2476c,Rv2477c,2782263,2782365
Rv2477c,Rv2478c,2784043,2784122
Rv2478c,Rv2479c,2784609,2784656
Rv2480c,Rv2481c,2785919,2786574
Rv2481c,Rv2482c,2786899,2786913
Rv2484c,Rv2485c,2792495,2792722
Rv2485c,Rv2486,2793989,2794349
Rv2486,Rv2487c,2795121,2795300
Rv2487c,Rv2488c,2797386,2797466
Rv2489c,Rv2490c,2801146,2801253
Rv2490c,Rv2491,2806237,2806664
Rv2492,Rv2493,2808031,2808082
Rv2493,Rv2494,2808305,2808309
Rv2494,Rv2495c,2808736,2808757
Rv2496c,Rv2497c,2810983,2810992
Rv2497c,Rv2498c,2812097,2812354
Rv2500c,Rv2501c,2814912,2814915
Rv2501c,Rv2502c,2816881,2816884
Rv2504c,Rv2505c,2819871,2819952
Rv2505c,Rv2506,2821597,2821711
Rv2506,Rv2507,2822360,2822437
Rv2508c,Rv2509,2824594,2824677
Rv2509,Rv2510c,2825485,2825487
Rv2510c,Rv2511,2827090,2827156
Rv2511,Rv2512c,2827805,2828555
Rv2512c,Rv2513,2829804,2830160
Rv2513,Rv2514c,2830584,2830876
Rv2514c,Rv2515c,2831339,2831343
Rv2515c,Rv2516c,2832592,2832709
Rv2517c,Rv2518c,2833762,2834108
Rv2518c,Rv2519,2835336,2835784
Rv2519,Rv2520c,2837264,2837387
Rv2520c,Rv2521,2837616,2837683
Rv2523c,Rv2524c,2839931,2840122
Rv2524c,Rv2525c,2849333,2849851
Rv2525c,Rv2526,2850575,2851090
Rv2527,Rv2528c,2851717,2851750
Rv2528c,Rv2529,2852672,2852874
Rv2529,Rv2530c,2854267,2854266
Rv2530A,Rv2531c,2854908,2854937
Rv2531c,Rv2532c,2857782,2857852
Rv2533c,Rv2534c,2858725,2858726
Rv2534c,Rv2535c,2859291,2859299
Rv2535c,Rv2536,2860419,2860451
Rv2536,Rv2537c,2861145,2861147
Rv2539c,Rv2540c,2863204,2863206
Rv2540c,Rv2541,2864413,2864426
Rv2541,Rv2542,2864835,2865129
Rv2542,Rv2543,2866342,2866467
Rv2545,Rv2546,2868062,2868153
Rv2546,Rv2547,2868568,2868605
Rv2548,Rv2548A,2869238,2869252
Rv2548A,Rv2549c,2869628,2869726
Rv2550c,Rv2551c,2870365,2870774
Rv2551c,Rv2552c,2871195,2871205
Rv2554c,Rv2555c,2873771,2873770
Rv2555c,Rv2556c,2876486,2876575
Rv2556c,Rv2557,2876966,2877071
Rv2557,Rv2558,2877747,2877830
Rv2558,Rv2559c,2878542,2878570
Rv2559c,Rv2560,2879930,2880074
Rv2560,Rv2561,2881053,2881408
Rv2561,Rv2562,2881703,2881757
Rv2562,Rv2563,2882148,2882289
Rv2563,Rv2564,2883340,2883341
Rv2564,Rv2565,2884335,2884610
Rv2565,Rv2566,2886363,2886372
Rv2569c,Rv2570,2894409,2894511
Rv2571c,Rv2572c,2895961,2896012
Rv2572c,Rv2573,2897804,2898042
Rv2573,Rv2574,2898784,2898805
Rv2574,Rv2575,2899310,2899338
Rv2575,Rv2576c,2900221,2900225
Rv2576c,Rv2577,2900691,2900917
Rv2577,Rv2578c,2902508,2902508
Rv2578c,Rv2579,2903532,2903638
Rv2579,Rv2580c,2904542,2904820
Rv2581c,Rv2582,2906764,2906813
Rv2582,Rv2583c,2907741,2907825
Rv2583c,Rv2584c,2910199,2910228
Rv2584c,Rv2585c,2910901,2911003
Rv2585c,Rv2586c,2912678,2912682
Rv2586c,Rv2587c,2914012,2914014
Rv2587c,Rv2588c,2915737,2915845
Rv2588c,Rv2589,2916194,2916359
Rv2589,Rv2590,2917710,2917870
Rv2590,Rv2591,2921378,2921550
Rv2591,Rv2592c,2923183,2923198
Rv2594c,Rv2595,2925384,2925491
Rv2596,Rv2597,2926139,2926354
Rv2597,Rv2598,2926976,2926985
Rv2599,Rv2600,2927909,2927989
Rv2601,Rv2601A,2929960,2930069
Rv2602,Rv2603c,2930785,2930804
Rv2603c,Rv2604c,2931561,2931692
Rv2604c,Rv2605c,2932290,2932296
Rv2605c,Rv2606c,2933143,2933170
Rv2606c,Rv2607,2934071,2934197
Rv2607,Rv2608,2934873,2935045
Rv2608,Rv2609c,2936789,2936809
Rv2610c,Rv2611c,2939002,2939011
Rv2614c,Rv2614A,2943268,2943375
Rv2615c,Rv2616,2944986,2945329
Rv2616,Rv2617c,2945831,2945846
Rv2617c,Rv2618,2946288,2946433
Rv2619c,Rv2620c,2947450,2947461
Rv2621c,Rv2622,2948559,2948635
Rv2622,Rv2623,2949458,2949592
Rv2623,Rv2624c,2950487,2950488
Rv2624c,Rv2625c,2951308,2951321
Rv2625c,Rv2626c,2952504,2952561
Rv2626c,Rv2627c,2952994,2953506
Rv2627c,Rv2628,2954749,2955057
Rv2628,Rv2629,2955421,2955766
Rv2629,Rv2630,2956892,2956892
Rv2630,Rv2631,2957433,2957571
Rv2631,Rv2632c,2958871,2958908
Rv2632c,Rv2633c,2959191,2959334
Rv2633c,Rv2634c,2959821,2960104
Rv2634c,Rv2635,2962442,2962469
Rv2635,Rv2636,2962713,2962712
Rv2636,Rv2637,2963391,2963585
Rv2637,Rv2638,2964243,2964404
Rv2638,Rv2639c,2964852,2965025
Rv2639c,Rv2640c,2965359,2965477
Rv2640c,Rv2641,2965838,2965938
Rv2641,Rv2642,2966398,2966532
Rv2643,Rv2644c,2968407,2968532
Rv2644c,Rv2645,2968851,2970122
Rv2646,Rv2647,2971550,2971658
Rv2647,Rv2648,2972028,2972159
Rv2649,Rv2650c,2973422,2973794
Rv2650c,Rv2651c,2975235,2975241
Rv2651c,Rv2652c,2975776,2975927
Rv2652c,Rv2653c,2976555,2976585
Rv2653c,Rv2654c,2976910,2976988
Rv2655c,Rv2656c,2978659,2978659
Rv2657c,Rv2658c,2979310,2979325
Rv2658c,Rv2659c,2979689,2979690
Rv2659c,Rv2660c,2980819,2980962
Rv2662,Rv2663,2981755,2981852
Rv2663,Rv2664,2982087,2982096
Rv2664,Rv2665,2982352,2982698
Rv2665,Rv2666,2982981,2983070
Rv2666,Rv2667,2983875,2983895
Rv2667,Rv2668,2984655,2984732
Rv2668,Rv2669,2985255,2985282
Rv2671,Rv2672,2987616,2987681
Rv2672,Rv2673,2989269,2989290
Rv2673,Rv2674,2990593,2990705
Rv2674,Rv2675c,2991117,2991183
Rv2676c,Rv2677c,2992629,2992633
Rv2678c,Rv2679,2995063,2995114
Rv2679,Rv2680,2995946,2996104
Rv2680,Rv2681,2996738,2996738
Rv2682c,Rv2683,2999969,3000111
Rv2683,Rv2684,3000610,3000613
Rv2684,Rv2685,3001904,3001982
Rv2685,Rv2686c,3003270,3003279
Rv2688c,Rv2689c,3005651,3005844
Rv2689c,Rv2690c,3007063,3007235
Rv2690c,Rv2691,3009210,3009343
Rv2692,Rv2693c,3010687,3010696
Rv2693c,Rv2694c,3011369,3011398
Rv2694c,Rv2695,3011768,3011915
Rv2695,Rv2696c,3012624,3012828
Rv2696c,Rv2697c,3013609,3013682
Rv2697c,Rv2698,3014148,3014172
Rv2698,Rv2699c,3014659,3014662
Rv2699c,Rv2700,3014966,3015202
Rv2700,Rv2701c,3015854,3015862
Rv2701c,Rv2702,3016736,3016857
Rv2702,Rv2703,3017656,3017834
Rv2703,Rv2704,3019422,3019457
Rv2706c,Rv2707,3020458,3020572
Rv2707,Rv2708c,3021548,3021547
Rv2708c,Rv2709,3021797,3021838
Rv2709,Rv2710,3022286,3022460
Rv2710,Rv2711,3023433,3023564
Rv2711,Rv2712c,3024258,3024269
Rv2712c,Rv2713,3025329,3025440
Rv2713,Rv2714,3026848,3027064
Rv2714,Rv2715,3028040,3028097
Rv2715,Rv2716,3029124,3029171
Rv2716,Rv2717c,3029859,3029866
Rv2717c,Rv2718c,3030362,3030412
Rv2718c,Rv2719c,3030878,3031039
Rv2719c,Rv2720,3031538,3031787
Rv2720,Rv2721c,3032499,3032519
Rv2721c,Rv2722,3034620,3034634
Rv2722,Rv2723,3034884,3034908
Rv2723,Rv2724c,3036103,3036130
Rv2724c,Rv2725c,3037292,3037426
Rv2725c,Rv2726c,3038915,3038930
Rv2726c,Rv2727c,3039801,3039824
Rv2728c,Rv2729c,3041462,3041569
Rv2729c,Rv2730,3042476,3042541
Rv2730,Rv2731,3043019,3043025
Rv2733c,Rv2734,3046525,3046820
Rv2735c,Rv2736c,3048553,3048561
Rv2737c,Rv2737A,3051425,3051618
Rv2737A,Rv2738c,3051793,3051805
Rv2738c,Rv2739c,3052013,3052022
Rv2739c,Rv2740,3053190,3053232
Rv2740,Rv2741,3053683,3053913
Rv2741,Rv2742c,3055492,3055514
Rv2742c,Rv2743c,3056349,3056419
Rv2743c,Rv2744c,3057233,3057250
Rv2744c,Rv2745c,3058064,3058192
Rv2745c,Rv2746c,3058532,3058601
Rv2746c,Rv2747,3059232,3059261
Rv2747,Rv2748c,3059787,3059854
Rv2750,Rv2751,3063635,3063637
Rv2752c,Rv2753c,3066192,3066221
Rv2753c,Rv2754c,3067125,3067192
Rv2754c,Rv2755c,3067946,3068188
Rv2756c,Rv2757c,3070084,3070169
Rv2758c,Rv2759c,3070850,3070874
Rv2760c,Rv2761c,3071537,3071545
Rv2762c,Rv2763c,3073057,3073129
Rv2763c,Rv2764c,3073610,3073679
Rv2764c,Rv2765,3074472,3074635
Rv2765,Rv2766c,3075374,3075587
Rv2767c,Rv2768c,3076721,3076893
Rv2768c,Rv2769c,3078079,3078157
Rv2769c,Rv2770c,3078986,3079308
Rv2770c,Rv2771c,3080458,3080580
Rv2771c,Rv2772c,3081034,3081118
Rv2772c,Rv2773c,3081593,3081603
Rv2773c,Rv2774c,3082342,3082351
Rv2774c,Rv2775,3082757,3082908
Rv2775,Rv2776c,3083371,3083373
Rv2776c,Rv2777c,3084304,3084484
Rv2777c,Rv2778c,3085556,3085712
Rv2778c,Rv2779c,3086184,3086214
Rv2779c,Rv2780,3086755,3086819
Rv2780,Rv2781c,3087936,3087949
Rv2781c,Rv2782c,3088985,3089044
Rv2783c,Rv2784c,3092598,3092950
Rv2784c,Rv2785c,3093467,3093478
Rv2785c,Rv2786c,3093749,3093904
Rv2786c,Rv2787,3094901,3095110
Rv2787,Rv2788,3096875,3096958
Rv2788,Rv2789c,3097646,3097705
Rv2789c,Rv2790c,3098939,3098963
Rv2790c,Rv2791c,3100170,3100201
Rv2792c,Rv2793c,3102163,3102363
Rv2795c,Rv2796c,3104912,3105055
Rv2797c,Rv2798c,3107308,3107310
Rv2798c,Rv2799,3107638,3107767
Rv2799,Rv2800,3108398,3108415
Rv2800,Rv2801c,3110066,3110166
Rv2801A,Rv2802c,3110738,3110779
Rv2803,Rv2804c,3112290,3112464
Rv2806,Rv2807,3113460,3113657
Rv2807,Rv2808,3114813,3115045
Rv2808,Rv2809,3115304,3115407
Rv2809,Rv2810c,3115720,3115740
Rv2811,Rv2812,3116748,3116817
Rv2813,Rv2814c,3119037,3120565
Rv2815c,Rv2816c,3121828,3123624
Rv2816c,Rv2817c,3123967,3123966
Rv2817c,Rv2818c,3124984,3124995
Rv2818c,Rv2819c,3126145,3126239
Rv2821c,Rv2822c,3128964,3128972
Rv2824c,Rv2825c,3132715,3132891
Rv2825c,Rv2826c,3133540,3133708
Rv2826c,Rv2827c,3134594,3134595
Rv2827c,Rv2828c,3135484,3135787
Rv2828A,Rv2829c,3136600,3136619
Rv2830c,Rv2831,3137225,3137270
Rv2831,Rv2832c,3138021,3138098
Rv2833c,Rv2834c,3140485,3140486
Rv2835c,Rv2836c,3142223,3142308
Rv2836c,Rv2837c,3143629,3143634
Rv2839c,Rv2840c,3147874,3147958
Rv2840c,Rv2841c,3148259,3148384
Rv2842c,Rv2843,3149977,3150170
Rv2844,Rv2845c,3151202,3151201
Rv2845c,Rv2846c,3152951,3153038
Rv2846c,Rv2847c,3154632,3154653
Rv2847c,Rv2848c,3155872,3156147
Rv2849c,Rv2850c,3158145,3158164
Rv2851c,Rv2852c,3160522,3160579
Rv2852c,Rv2853,3162062,3162267
Rv2853,Rv2854,3164116,3164151
Rv2854,Rv2855,3165193,3165204
Rv2855,Rv2856,3166585,3166683
Rv2856,Rv2857c,3167803,3168582
Rv2860c,Rv2861c,3173001,3173159
Rv2861c,Rv2862c,3174018,3174058
Rv2862c,Rv2862A,3174644,3174746
Rv2863,Rv2864c,3175373,3175453
Rv2864c,Rv2865,3177266,3177536
Rv2865,Rv2866,3177819,3177821
Rv2866,Rv2867c,3178086,3178457
Rv2867c,Rv2868c,3179313,3179367
Rv2868c,Rv2869c,3180532,3180547
Rv2869c,Rv2870c,3181763,3181769
Rv2870c,Rv2871,3183012,3183137
Rv2872,Rv2873,3183826,3183904
Rv2873,Rv2874,3184568,3184846
Rv2874,Rv2875,3186935,3187029
Rv2875,Rv2876,3187612,3187662
Rv2876,Rv2877c,3187978,3188007
Rv2877c,Rv2878c,3188872,3188875
Rv2878c,Rv2879c,3189398,3189582
Rv2880c,Rv2881c,3190679,3190700
Rv2881c,Rv2882c,3191622,3191643
Rv2882c,Rv2883c,3192202,3192372
Rv2883c,Rv2884,3193159,3193392
Rv2884,Rv2885c,3194152,3194165
Rv2887,Rv2888c,3196851,3196863
Rv2888c,Rv2889c,3198286,3198291
Rv2889c,Rv2890c,3199108,3199118
Rv2890c,Rv2891,3199983,3200265
Rv2892c,Rv2893,3202021,3202419
Rv2894c,Rv2895c,3204291,3204380
Rv2895c,Rv2896c,3205233,3205264
Rv2898c,Rv2899c,3208329,3208575
Rv2900c,Rv2901c,3211746,3211802
Rv2901c,Rv2902c,3212109,3212161
Rv2902c,Rv2903c,3212957,3212969
Rv2903c,Rv2904c,3213855,3213911
Rv2904c,Rv2905,3214254,3214627
Rv2905,Rv2906c,3215573,3215664
Rv2906c,Rv2907c,3216358,3216360
Rv2907c,Rv2908c,3216892,3216904
Rv2908c,Rv2909c,3217148,3217154
Rv2909c,Rv2910c,3217644,3217826
Rv2910c,Rv2911,3218271,3218338
Rv2911,Rv2912c,3219215,3219273
Rv2912c,Rv2913c,3219862,3219862
Rv2913c,Rv2914c,3221699,3221766
Rv2914c,Rv2915c,3223525,3223567
Rv2915c,Rv2916c,3224681,3224707
Rv2916c,Rv2917,3226286,3226362
Rv2917,Rv2918c,3228244,3228253
Rv2918c,Rv2919c,3230681,3230737
Rv2920c,Rv2921c,3232507,3232870
Rv2921c,Rv2922c,3234140,3234188
Rv2922c,Rv2922A,3237807,3237817
Rv2923c,Rv2924c,3238500,3238600
Rv2924c,Rv2925c,3239471,3239828
Rv2926c,Rv2927c,3241172,3241221
Rv2927c,Rv2928,3241960,3242197
Rv2929,Rv2930,3243282,3243696
Rv2934,Rv2935,3267732,3267736
Rv2935,Rv2936,3272204,3272213
Rv2938,Rv2939,3274903,3274948
Rv2939,Rv2940c,3276218,3276379
Rv2940c,Rv2941,3282716,3283334
Rv2942,Rv2943,3287833,3288463
Rv2944,Rv2945c,3290507,3290623
Rv2945c,Rv2946c,3291326,3291502
Rv2948c,Rv2949c,3299955,3299970
Rv2949c,Rv2950c,3300571,3300595
Rv2950c,Rv2951c,3302456,3303102
Rv2951c,Rv2952,3304249,3304440
Rv2952,Rv2953,3305254,3305278
Rv2953,Rv2954c,3306536,3306665
Rv2954c,Rv2955c,3307392,3307579
Rv2955c,Rv2956,3308546,3308667
Rv2956,Rv2957,3309400,3309469
Rv2957,Rv2958c,3310298,3310713
Rv2958c,Rv2959c,3312001,3312100
Rv2959c,Rv2960c,3312839,3312952
Rv2960c,Rv2961,3313202,3313282
Rv2961,Rv2962c,3313673,3313772
Rv2962c,Rv2963,3315123,3315235
Rv2963,Rv2964,3316457,3316528
Rv2964,Rv2965c,3317462,3318329
Rv2965c,Rv2966c,3318816,3318900
Rv2966c,Rv2967c,3319468,3319662
Rv2967c,Rv2968c,3323047,3323070
Rv2968c,Rv2969c,3323704,3323708
Rv2969c,Rv2970c,3324477,3324572
Rv2970c,Rv2970A,3325704,3325933
Rv2971,Rv2972c,3326950,3327022
Rv2973c,Rv2974c,3329947,3329948
Rv2975c,Rv2976c,3331613,3332070
Rv2976c,Rv2977c,3332755,3332786
Rv2979c,Rv2980,3335749,3335959
Rv2980,Rv2981c,3336506,3336795
Rv2981c,Rv2982c,3337918,3337994
Rv2982c,Rv2983,3339000,3339117
Rv2983,Rv2984,3339763,3339853
Rv2984,Rv2985,3342083,3342164
Rv2985,Rv2986c,3343119,3343175
Rv2986c,Rv2987c,3343821,3344032
Rv2987c,Rv2988c,3344630,3344653
Rv2988c,Rv2989,3346076,3346146
Rv2989,Rv2990c,3346849,3346858
Rv2990c,Rv2991,3347720,3347981
Rv2991,Rv2992c,3348474,3348804
Rv2993c,Rv2994,3350994,3351268
Rv2995c,Rv2996c,3353469,3353482
Rv2996c,Rv2997,3355070,3355098
Rv2997,Rv2998,3356542,3356814
Rv2998A,Rv2999,3357429,3357601
Rv2999,Rv3000,3358568,3358611
Rv3000,Rv3001c,3359272,3359584
Rv3001c,Rv3002c,3360587,3360623
Rv3003c,Rv3004,3362987,3363347
Rv3004,Rv3005c,3363687,3363692
Rv3005c,Rv3006,3364533,3364708
Rv3006,Rv3007c,3365831,3365835
Rv3007c,Rv3008,3366451,3366643
Rv3009c,Rv3010c,3368794,3368822
Rv3010c,Rv3011c,3369855,3369949
Rv3012c,Rv3013,3371731,3371814
Rv3013,Rv3014c,3372472,3372544
Rv3014c,Rv3015c,3374621,3374650
Rv3015c,Rv3016,3375665,3375757
Rv3016,Rv3017c,3376388,3376489
Rv3017c,Rv3018c,3376853,3376938
Rv3018c,Rv3018A,3378244,3378328
Rv3018A,Rv3019c,3378416,3378710
Rv3019c,Rv3020c,3379002,3379035
Rv3020c,Rv3022A,3379330,3380678
Rv3022A,Rv3023c,3380994,3381374
Rv3023c,Rv3024c,3382623,3382784
Rv3025c,Rv3026c,3385067,3385162
Rv3027c,Rv3028c,3386920,3387074
Rv3028c,Rv3029c,3388032,3388069
Rv3029c,Rv3030,3388871,3389100
Rv3031,Rv3032,3391503,3391533
Rv3032,Rv3032A,3392779,3392811
Rv3032A,Rv3033,3393202,3393379
Rv3033,Rv3034c,3393929,3394018
Rv3034c,Rv3035,3394922,3395378
Rv3036c,Rv3037c,3397142,3397213
Rv3037c,Rv3038c,3398291,3398424
Rv3038c,Rv3039c,3399409,3399418
Rv3039c,Rv3040c,3400184,3400191
Rv3041c,Rv3042c,3401919,3401932
Rv3042c,Rv3043c,3403163,3403199
Rv3043c,Rv3044,3404922,3405135
Rv3044,Rv3045,3406216,3406284
Rv3046c,Rv3047c,3407689,3408021
Rv3047c,Rv3048c,3408307,3408403
Rv3048c,Rv3049c,3409379,3409508
Rv3049c,Rv3050c,3411084,3411216
Rv3050c,Rv3051c,3411958,3412084
Rv3051c,Rv3052c,3414167,3414231
Rv3052c,Rv3053c,3414685,3414718
Rv3053c,Rv3054c,3414959,3415434
Rv3054c,Rv3055,3415990,3416080
Rv3055,Rv3056,3416696,3416704
Rv3056,Rv3057c,3417746,3417798
Rv3057c,Rv3058c,3418663,3418725
Rv3058c,Rv3059,3419377,3419491
Rv3059,Rv3060c,3420971,3421740
Rv3060c,Rv3061c,3423214,3423261
Rv3061c,Rv3062,3425428,3425583
Rv3062,Rv3063,3427108,3427242
Rv3063,Rv3064c,3429520,3429824
Rv3064c,Rv3065,3430251,3430386
Rv3066,Rv3067,3431316,3431427
Rv3067,Rv3068c,3431839,3431978
Rv3068c,Rv3069,3433623,3433691
Rv3071,Rv3072c,3435574,3435797
Rv3072c,Rv3073c,3436323,3436328
Rv3073c,Rv3074,3436686,3436778
Rv3075c,Rv3076,3438974,3439071
Rv3077,Rv3078,3441353,3441352
Rv3078,Rv3079c,3441755,3441769
Rv3079c,Rv3080c,3442598,3442655
Rv3080c,Rv3081,3445989,3446039
Rv3081,Rv3082c,3447279,3447403
Rv3082c,Rv3083,3448427,3448503
Rv3083,Rv3084,3449992,3449996
Rv3085,Rv3086,3451751,3451780
Rv3086,Rv3087,3452888,3452924
Rv3089,Rv3090,3457273,3458210
Rv3090,Rv3091,3459099,3459115
Rv3091,Rv3092c,3460808,3460813
Rv3092c,Rv3093c,3461735,3461759
Rv3094c,Rv3095,3463892,3463972
Rv3095,Rv3096,3464450,3464546
Rv3096,Rv3097c,3465687,3465777
Rv3097c,Rv3098c,3467092,3467209
Rv3098A,Rv3099c,3467927,3468412
Rv3099c,Rv3100c,3469265,3469300
Rv3100c,Rv3101c,3469784,3469785
Rv3101c,Rv3102c,3470680,3470679
Rv3102c,Rv3103c,3471370,3471412
Rv3103c,Rv3104c,3471851,3471851
Rv3105c,Rv3106,3473905,3474006
Rv3106,Rv3107c,3475378,3475377
Rv3107c,Rv3108,3476962,3477059
Rv3108,Rv3109,3477501,3477648
Rv3109,Rv3110,3478729,3478778
Rv3111,Rv3112,3479684,3479699
Rv3112,Rv3113,3479952,3480073
Rv3113,Rv3114,3480743,3480758
Rv3114,Rv3115,3481290,3481450
Rv3115,Rv3116,3482699,3482775
Rv3116,Rv3117,3483946,3483973
Rv3117,Rv3118,3484808,3484808
Rv3118,Rv3119,3485112,3485131
Rv3120,Rv3121,3486175,3486508
Rv3121,Rv3122,3487712,3488088
Rv3122,Rv3123,3488560,3488568
Rv3123,Rv3124,3489064,3489505
Rv3124,Rv3125c,3490376,3490475
Rv3125c,Rv3126c,3491652,3491807
Rv3126c,Rv3127,3492123,3492146
Rv3127,Rv3129,3493182,3494659
Rv3130c,Rv3131,3496367,3496550
Rv3133c,Rv3134c,3499916,3499942
Rv3134c,Rv3135,3500750,3501333
Rv3135,Rv3136,3501733,3501793
Rv3136,Rv3136A,3502937,3502944
Rv3136A,Rv3137,3503278,3503392
Rv3137,Rv3138,3504176,3504194
Rv3138,Rv3139,3505284,3505362
Rv3139,Rv3140,3506770,3506789
Rv3140,Rv3141,3507996,3508094
Rv3141,Rv3142c,3509067,3509117
Rv3142c,Rv3143,3509547,3509653
Rv3143,Rv3144c,3510056,3510087
Rv3144c,Rv3145,3511318,3511681
Rv3145,Rv3146,3512069,3512076
Rv3151,Rv3152,3519167,3519281
Rv3155,Rv3156,3522224,3522233
Rv3158,Rv3159c,3527386,3527390
Rv3159c,Rv3160c,3529164,3529337
Rv3160c,Rv3161c,3529980,3529989
Rv3161c,Rv3162c,3531139,3531207
Rv3163c,Rv3164c,3532914,3532942
Rv3164c,Rv3165c,3533906,3533912
Rv3166c,Rv3167c,3535352,3535430
Rv3167c,Rv3168,3536058,3536101
Rv3169,Rv3170,3538363,3538504
Rv3171c,Rv3172c,3540746,3540881
Rv3172c,Rv3173c,3541365,3541442
Rv3173c,Rv3174,3542046,3542137
Rv3174,Rv3175,3542846,3542859
Rv3176c,Rv3177,3545301,3545446
Rv3177,Rv3178,3546308,3546437
Rv3178,Rv3179,3546798,3547617
Rv3179,Rv3180c,3548908,3549253
Rv3180c,Rv3181c,3549689,3549690
Rv3181c,Rv3182,3550144,3550373
Rv3183,Rv3184,3551045,3551280
Rv3185,Rv3186,3552543,3552763
Rv3187,Rv3188,3554026,3554297
Rv3189,Rv3190c,3555263,3555421
Rv3190c,Rv3190A,3556688,3556854
Rv3190A,Rv3191c,3557065,3557310
Rv3191c,Rv3192,3558346,3559562
Rv3192,Rv3193c,3560025,3560193
Rv3193c,Rv3194c,3563173,3563263
Rv3194c,Rv3195,3564287,3564363
Rv3195,Rv3196,3565783,3565787
Rv3196,Rv3196A,3566688,3566695
Rv3196A,Rv3197,3566897,3567023
Rv3197,Rv3197A,3568368,3568400
Rv3197A,Rv3198c,3568680,3569108
Rv3198c,Rv3198A,3571212,3571334
Rv3198A,Rv3199c,3571590,3571601
Rv3199c,Rv3200c,3572544,3572601
Rv3200c,Rv3201c,3573670,3573730
Rv3202c,Rv3203,3580201,3580637
Rv3203,Rv3204,3581313,3581314
Rv3204,Rv3205c,3581621,3581626
Rv3205c,Rv3206c,3582506,3582531
Rv3206c,Rv3207c,3583711,3583800
Rv3207c,Rv3208,3584659,3585003
Rv3208A,Rv3209,3585950,3586273
Rv3209,Rv3210c,3586835,3586843
Rv3210c,Rv3211,3587540,3587797
Rv3211,Rv3212,3589382,3589393
Rv3212,Rv3213c,3590618,3590691
Rv3213c,Rv3214,3591493,3591645
Rv3215,Rv3217c,3593373,3593803
Rv3217c,Rv3218,3594236,3594467
Rv3218,Rv3219,3595434,3595712
Rv3219,Rv3220c,3595968,3596028
Rv3220c,Rv3221c,3597535,3597550
Rv3221c,Rv3221A,3597767,3598050
Rv3223c,Rv3224,3599552,3599850
Rv3225c,Rv3226c,3602441,3602563
Rv3226c,Rv3227,3603323,3603376
Rv3228,Rv3229c,3605719,3605750
Rv3229c,Rv3230c,3607035,3607111
Rv3230c,Rv3231c,3608255,3608363
Rv3232c,Rv3233c,3609758,3609780
Rv3233c,Rv3234c,3610372,3610373
Rv3234c,Rv3235,3611190,3611299
Rv3235,Rv3236c,3611942,3611958
Rv3236c,Rv3237c,3613117,3613120
Rv3237c,Rv3238c,3613604,3613663
Rv3238c,Rv3239c,3614399,3614456
Rv3239c,Rv3240c,3617604,3617681
Rv3240c,Rv3241c,3620532,3620609
Rv3241c,Rv3242c,3621255,3621569
Rv3242c,Rv3243c,3622212,3622248
Rv3243c,Rv3244c,3623092,3623158
Rv3245c,Rv3246c,3626614,3626662
Rv3246c,Rv3247c,3627350,3627418
Rv3247c,Rv3248c,3628064,3628159
Rv3248c,Rv3249c,3629648,3629751
Rv3250c,Rv3251c,3630567,3630570
Rv3252c,Rv3253c,3631989,3632096
Rv3253c,Rv3254,3633585,3633674
Rv3255c,Rv3256c,3636268,3636274
Rv3257c,Rv3258c,3638710,3638810
Rv3258c,Rv3259,3639303,3639424
Rv3259,Rv3260c,3639845,3639871
Rv3260c,Rv3261,3640142,3640542
Rv3262,Rv3263,3642882,3643176
Rv3263,Rv3264c,3644839,3644897
Rv3264c,Rv3265c,3645978,3645978
Rv3265c,Rv3266c,3646885,3646894
Rv3266c,Rv3267,3647810,3647884
Rv3267,Rv3268,3649382,3649419
Rv3268,Rv3269,3650110,3650233
Rv3269,Rv3270,3650516,3650525
Rv3271c,Rv3272,3653348,3653447
Rv3272,Rv3273,3654633,3654636
Rv3274c,Rv3275c,3658090,3658113
Rv3278c,Rv3279c,3661170,3661211
Rv3279c,Rv3280,3662013,3662061
Rv3282,Rv3283,3664888,3664927
Rv3284,Rv3285,3666250,3666356
Rv3285,Rv3286c,3668160,3668168
Rv3287c,Rv3288c,3669389,3669585
Rv3288c,Rv3289c,3670000,3670033
Rv3289c,Rv3290c,3670412,3670444
Rv3290c,Rv3291c,3671795,3671844
Rv3291c,Rv3292,3672298,3672327
Rv3292,Rv3293,3673576,3673601
Rv3293,Rv3294c,3675087,3675185
Rv3294c,Rv3295,3675996,3676065
Rv3295,Rv3296,3676732,3676774
Rv3296,Rv3297,3681317,3681319
Rv3297,Rv3298c,3682088,3682109
Rv3298c,Rv3299c,3683025,3683050
Rv3299c,Rv3300c,3685964,3685982
Rv3300c,Rv3301c,3686901,3686911
Rv3301c,Rv3302c,3687578,3687684
Rv3302c,Rv3303c,3689443,3689456
Rv3303c,Rv3304,3690939,3691140
Rv3304,Rv3305c,3691621,3691638
Rv3306c,Rv3307,3693990,3694053
Rv3307,Rv3308,3694861,3694863
Rv3308,Rv3309c,3696469,3696469
Rv3309c,Rv3310,3697094,3697197
Rv3310,Rv3311,3698098,3698120
Rv3311,Rv3312c,3699384,3699403
Rv3312c,Rv3312A,3700331,3700704
Rv3312A,Rv3313c,3701017,3701086
Rv3315c,Rv3316,3703866,3704101
Rv3317,Rv3318,3704872,3704999
Rv3319,Rv3320c,3707564,3707641
Rv3320c,Rv3321c,3708071,3708073
Rv3321c,Rv3322c,3708317,3708437
Rv3323c,Rv3324c,3709715,3709714
Rv3324c,Rv3325,3710249,3710432
Rv3326,Rv3327,3711695,3711748
Rv3328c,Rv3329,3714333,3714391
Rv3329,Rv3330,3715709,3715776
Rv3330,Rv3331,3716995,3717089
Rv3332,Rv3333c,3719747,3719936
Rv3333c,Rv3334,3720783,3721256
Rv3334,Rv3335c,3721698,3721730
Rv3335c,Rv3336c,3722601,3722620
Rv3336c,Rv3337,3723632,3723655
Rv3338,Rv3339c,3724549,3724614
Rv3339c,Rv3340,3725845,3726126
Rv3340,Rv3341,3727477,3727487
Rv3342,Rv3343c,3729356,3729363
Rv3343c,Rv3344c,3736936,3736983
Rv3345c,Rv3346c,3742775,3743197
Rv3346c,Rv3347c,3743456,3743710
Rv3347c,Rv3348,3753185,3753764
Rv3348,Rv3349c,3754257,3754292
Rv3349c,Rv3350c,3755034,3755951
Rv3350c,Rv3351c,3767103,3767345
Rv3351c,Rv3352c,3768141,3768221
Rv3352c,Rv3353c,3768594,3768735
Rv3353c,Rv3354,3768997,3769110
Rv3354,Rv3355c,3769501,3769513
Rv3356c,Rv3357,3770650,3770772
Rv3358,Rv3359,3771303,3771343
Rv3359,Rv3360,3772535,3772650
Rv3361c,Rv3362c,3773568,3773573
Rv3365c,Rv3366,3777502,3777736
Rv3366,Rv3367,3778202,3778567
Rv3367,Rv3368c,3780335,3780334
Rv3369,Rv3370c,3781413,3781500
Rv3370c,Rv3371,3784741,3784931
Rv3371,Rv3372,3786273,3786313
Rv3372,Rv3373,3787490,3787725
Rv3373,Rv3374,3788368,3788367
Rv3374,Rv3375,3788617,3788620
Rv3375,Rv3376,3790049,3790155
Rv3376,Rv3377c,3790810,3790847
Rv3377c,Rv3378c,3792354,3792357
Rv3378c,Rv3379c,3793249,3793256
Rv3379c,Rv3380c,3794868,3795099
Rv3381c,Rv3382c,3796362,3796447
Rv3383c,Rv3384c,3798490,3799242
Rv3385c,Rv3386,3799944,3800091
Rv3387,Rv3388,3801464,3801652
Rv3388,Rv3389c,3803849,3803918
Rv3389c,Rv3390,3804792,3804864
Rv3390,Rv3391,3805576,3805620
Rv3391,Rv3392c,3807574,3807573
Rv3392c,Rv3393,3808438,3808460
Rv3393,Rv3394c,3809388,3809441
Rv3395c,Rv3395A,3811637,3811718
Rv3395A,Rv3396c,3812346,3812500
Rv3396c,Rv3397c,3814079,3814089
Rv3397c,Rv3398c,3814999,3815026
Rv3398c,Rv3399,3816107,3816128
Rv3399,Rv3400,3817176,3817238
Rv3400,Rv3401,3818028,3818041
Rv3401,Rv3402c,3820403,3820652
Rv3402c,Rv3403c,3821892,3822261
Rv3403c,Rv3404c,3823864,3823879
Rv3404c,Rv3405c,3824585,3824701
Rv3405c,Rv3406,3825269,3825329
Rv3406,Rv3407,3826218,3826251
Rv3408,Rv3409c,3826959,3826990
Rv3409c,Rv3410c,3828728,3828782
Rv3410c,Rv3411c,3829911,3829929
Rv3411c,Rv3412,3831520,3831725
Rv3412,Rv3413c,3832137,3832145
Rv3414c,Rv3415c,3833677,3833693
Rv3415c,Rv3416,3834522,3834891
Rv3416,Rv3417c,3835201,3835271
Rv3417c,Rv3418c,3836892,3836985
Rv3418c,Rv3419c,3837289,3837554
Rv3423c,Rv3424c,3841421,3841713
Rv3424c,Rv3425,3842077,3842238
Rv3425,Rv3426,3842770,3843035
Rv3426,Rv3427c,3843735,3843884
Rv3427c,Rv3428c,3844641,3844737
Rv3428c,Rv3429,3845971,3847164
Rv3430c,Rv3431c,3848806,3849293
Rv3431c,Rv3432c,3850140,3850371
Rv3432c,Rv3433c,3851755,3851791
Rv3433c,Rv3434c,3853214,3853214
Rv3434c,Rv3435c,3853929,3853938
Rv3435c,Rv3436c,3854794,3855014
Rv3436c,Rv3437,3856890,3856910
Rv3437,Rv3438,3857388,3857396
Rv3438,Rv3439c,3858240,3858258
Rv3439c,Rv3440c,3859663,3859664
Rv3440c,Rv3441c,3859977,3860023
Rv3441c,Rv3442c,3861371,3861494
Rv3443c,Rv3444c,3862391,3862623
Rv3444c,Rv3445c,3862927,3862946
Rv3445c,Rv3446c,3863265,3863316
Rv3447c,Rv3448,3868239,3868351
Rv3450c,Rv3451,3872497,3872616
Rv3451,Rv3452,3873406,3873451
Rv3452,Rv3453,3874133,3874403
Rv3453,Rv3454,3874737,3874821
Rv3455c,Rv3456c,3876823,3876889
Rv3456c,Rv3457c,3877433,3877463
Rv3457c,Rv3458c,3878508,3878658
Rv3458c,Rv3459c,3879265,3879272
Rv3459c,Rv3460c,3879693,3879695
Rv3460c,Rv3461c,3880071,3880285
Rv3461c,Rv3462c,3880400,3880431
Rv3462c,Rv3463,3880654,3880906
Rv3463,Rv3464,3881765,3881836
Rv3464,Rv3465,3882833,3882833
Rv3465,Rv3466,3883443,3883524
Rv3467,Rv3468c,3884918,3884974
Rv3468c,Rv3469c,3886070,3886072
Rv3469c,Rv3470c,3887084,3887143
Rv3470c,Rv3471c,3888803,3888807
Rv3471c,Rv3472,3889342,3889361
Rv3472,Rv3473c,3889869,3889947
Rv3473c,Rv3474,3890734,3890829
Rv3475,Rv3476c,3892092,3892370
Rv3476c,Rv3477,3893721,3894092
Rv3477,Rv3478,3894390,3894425
Rv3478,Rv3479,3895608,3895819
Rv3479,Rv3480c,3898886,3898908
Rv3480c,Rv3481c,3900403,3900492
Rv3481c,Rv3482c,3901183,3901323
Rv3482c,Rv3483c,3902107,3902149
Rv3483c,Rv3484,3902813,3903077
Rv3484,Rv3485c,3904617,3904621
Rv3485c,Rv3486,3905567,3905771
Rv3487c,Rv3488,3907008,3907666
Rv3488,Rv3489,3907991,3908071
Rv3490,Rv3491,3909739,3909889
Rv3494c,Rv3495c,3913370,3913379
Rv3499c,Rv3500c,3919201,3919219
Rv3500c,Rv3501c,3920063,3920096
Rv3501c,Rv3502c,3920862,3921086
Rv3502c,Rv3503c,3922041,3922064
Rv3503c,Rv3504,3922257,3922470
Rv3504,Rv3505,3923674,3923697
Rv3505,Rv3506,3924820,3924889
Rv3506,Rv3507,3926399,3926568
Rv3507,Rv3508,3930715,3931004
Rv3508,Rv3509c,3936711,3936876
Rv3510c,Rv3511,3939258,3939616
Rv3512,Rv3513c,3944964,3945091
Rv3513c,Rv3514,3945749,3945793
Rv3514,Rv3515c,3950264,3950823
Rv3515c,Rv3516,3952471,3952543
Rv3516,Rv3517,3953336,3953430
Rv3517,Rv3518c,3954271,3954324
Rv3518c,Rv3519,3955522,3955549
Rv3519,Rv3520c,3956261,3956324
Rv3520c,Rv3521,3957369,3957520
Rv3521,Rv3522,3958433,3958447
Rv3522,Rv3523,3959513,3959528
Rv3523,Rv3524,3960714,3960754
Rv3524,Rv3525c,3961787,3961799
Rv3525c,Rv3526,3962325,3962438
Rv3526,Rv3527,3963600,3963604
Rv3527,Rv3528c,3964055,3964478
Rv3528c,Rv3529c,3965193,3965883
Rv3531c,Rv3532,3968945,3969342
Rv3532,Rv3533c,3970564,3970704
Rv3533c,Rv3534c,3972454,3972551
Rv3535c,Rv3536c,3974501,3974510
Rv3536c,Rv3537,3975297,3975368
Rv3537,Rv3538,3977061,3977061
Rv3538,Rv3539,3977923,3978058
Rv3539,Rv3540c,3979499,3979498
Rv3545c,Rv3546,3985446,3985556
Rv3546,Rv3547,3986733,3986843
Rv3547,Rv3548c,3987300,3987381
Rv3548c,Rv3549c,3988297,3988318
Rv3549c,Rv3550,3989099,3989152
Rv3552,Rv3553,3991524,3991620
Rv3554,Rv3555c,3994743,3994829
Rv3555c,Rv3556c,3995700,3995803
Rv3556c,Rv3557c,3996965,3997028
Rv3557c,Rv3558,3997632,3997979
Rv3558,Rv3559c,3999639,3999646
Rv3560c,Rv3561,4001590,4001636
Rv3561,Rv3562,4003161,4003160
Rv3566A,Rv3567c,4008434,4008718
Rv3567c,Rv3568c,4009283,4009296
Rv3569c,Rv3570c,4011072,4011085
Rv3570c,Rv3571,4012271,4012416
Rv3571,Rv3572,4013494,4013510
Rv3572,Rv3573c,4014042,4014076
Rv3573c,Rv3574,4016213,4016483
Rv3574,Rv3575c,4017084,4017088
Rv3575c,Rv3576,4018169,4018357
Rv3576,Rv3577,4019072,4019261
Rv3577,Rv3578,4020129,4020141
Rv3578,Rv3579c,4021384,4021424
Rv3579c,Rv3580c,4022394,4022393
Rv3580c,Rv3581c,4023804,4023867
Rv3582c,Rv3583c,4025040,4025055
Rv3583c,Rv3584,4025545,4025829
Rv3584,Rv3585,4026379,4026443
Rv3585,Rv3586,4027887,4027890
Rv3586,Rv3587c,4028968,4028967
Rv3587c,Rv3588c,4029763,4029870
Rv3590c,Rv3591c,4033159,4033268
Rv3591c,Rv3592,4034043,4034056
Rv3593,Rv3594,4035711,4035856
Rv3594,Rv3595c,4036685,4036730
Rv3595c,Rv3596c,4038051,4038157
Rv3596c,Rv3597c,4040705,4040980
Rv3597c,Rv3598c,4041320,4041422
Rv3598c,Rv3599c,4042941,4042951
Rv3599c,Rv3600c,4043036,4043040
Rv3600c,Rv3601c,4043860,4043861
Rv3603c,Rv3604c,4046119,4046302
Rv3604c,Rv3605c,4047497,4047704
Rv3609c,Rv3610c,4050586,4050600
Rv3610c,Rv3611,4052884,4052949
Rv3612c,Rv3613c,4053848,4053880
Rv3613c,Rv3614c,4054043,4054141
Rv3614c,Rv3615c,4054697,4054811
Rv3615c,Rv3616c,4055124,4055196
Rv3616c,Rv3617,4056376,4057732
Rv3618,Rv3619c,4059886,4059983
Rv3619c,Rv3620c,4060269,4060294
Rv3620c,Rv3621c,4060592,4060647
Rv3621c,Rv3622c,4061890,4061898
Rv3622c,Rv3623,4062199,4062526
Rv3623,Rv3624c,4063250,4063253
Rv3627c,Rv3628,4067286,4067422
Rv3628,Rv3629c,4067912,4067956
Rv3629c,Rv3630,4069055,4069174
Rv3630,Rv3631,4070471,4070513
Rv3632,Rv3633,4071581,4071790
Rv3633,Rv3634c,4072667,4072666
Rv3634c,Rv3635,4073612,4073633
Rv3635,Rv3636,4075410,4075751
Rv3636,Rv3637,4076100,4076483
Rv3638,Rv3639c,4077731,4077883
Rv3639c,Rv3640c,4078451,4078519
Rv3640c,Rv3641c,4079750,4079924
Rv3641c,Rv3642c,4080561,4080570
Rv3642c,Rv3643,4080766,4081159
Rv3643,Rv3644c,4081352,4081515
Rv3644c,Rv3645,4082722,4082806
Rv3646c,Rv3647c,4087258,4087609
Rv3647c,Rv3648c,4088189,4088327
Rv3648c,Rv3649,4088532,4088780
Rv3649,Rv3650,4091097,4091232
Rv3650,Rv3651,4091518,4091840
Rv3651,Rv3652,4092879,4093631
Rv3653,Rv3654c,4094528,4094659
Rv3654c,Rv3655c,4094915,4094922
Rv3655c,Rv3656c,4095301,4095323
Rv3656c,Rv3657c,4095531,4095539
Rv3657c,Rv3658c,4096116,4096138
Rv3659c,Rv3660c,4097995,4098095
Rv3660c,Rv3661,4099149,4099646
Rv3661,Rv3662c,4100511,4101264
Rv3664c,Rv3665c,4104476,4104530
Rv3665c,Rv3666c,4105458,4105458
Rv3666c,Rv3667,4107085,4107791
Rv3667,Rv3668c,4109748,4109782
Rv3668c,Rv3669,4110482,4110826
Rv3669,Rv3670,4111346,4111345
Rv3671c,Rv3672c,4113516,4113520
Rv3672c,Rv3673c,4114343,4114473
Rv3674c,Rv3675,4115895,4116001
Rv3675,Rv3676,4116380,4116477
Rv3676,Rv3677c,4117153,4117257
Rv3677c,Rv3678c,4118053,4118058
Rv3678c,Rv3678A,4118515,4118529
Rv3678A,Rv3679,4118692,4118775
Rv3680,Rv3681c,4120956,4121197
Rv3681c,Rv3682,4121555,4121915
Rv3682,Rv3683,4124349,4124416
Rv3683,Rv3684,4125377,4125438
Rv3684,Rv3685c,4126480,4127294
Rv3685c,Rv3686c,4128726,4128750
Rv3686c,Rv3687c,4129084,4129322
Rv3687c,Rv3688c,4129692,4129892
Rv3689,Rv3690,4131713,4131738
Rv3690,Rv3691,4132393,4132517
Rv3692,Rv3693,4134593,4134725
Rv3693,Rv3694c,4136049,4136121
Rv3694c,Rv3695,4137115,4137205
Rv3695,Rv3696c,4138139,4138201
Rv3696c,Rv3697c,4139756,4139804
Rv3697A,Rv3698,4140464,4140492
Rv3698,Rv3699,4142023,4142043
Rv3699,Rv3700c,4142746,4142747
Rv3700c,Rv3701c,4143921,4143950
Rv3704c,Rv3705c,4148187,4148317
Rv3705c,Rv3705A,4148963,4149090
Rv3705A,Rv3706c,4149481,4149590
Rv3706c,Rv3707c,4149912,4150029
Rv3707c,Rv3708c,4151041,4151179
Rv3708c,Rv3709c,4152218,4152217
Rv3709c,Rv3710,4153484,4153739
Rv3710,Rv3711c,4155675,4155739
Rv3711c,Rv3712,4156730,4156980
Rv3712,Rv3713,4158223,4158226
Rv3713,Rv3714c,4158923,4158930
Rv3714c,Rv3715c,4159822,4159888
Rv3715c,Rv3716c,4160501,4160511
Rv3716c,Rv3717,4160914,4161047
Rv3717,Rv3718c,4161774,4161814
Rv3718c,Rv3719,4162259,4162305
Rv3719,Rv3720,4163719,4163735
Rv3721c,Rv3722c,4166732,4166820
Rv3722c,Rv3723,4168129,4168535
Rv3723,Rv3724A,4169301,4169466
Rv3724B,Rv3725,4170170,4170213
Rv3725,Rv3726,4171144,4171420
Rv3726,Rv3727,4172615,4172954
Rv3727,Rv3728,4174764,4174872
Rv3728,Rv3729,4178071,4178284
Rv3729,Rv3730c,4180616,4180679
Rv3730c,Rv3731,4181721,4181757
Rv3731,Rv3732,4182835,4182933
Rv3732,Rv3733c,4183993,4184011
Rv3733c,Rv3734c,4184513,4184525
Rv3734c,Rv3735,4185891,4186088
Rv3735,Rv3736,4186578,4186633
Rv3736,Rv3737,4187696,4187698
Rv3738c,Rv3739c,4190233,4190283
Rv3739c,Rv3740c,4190518,4190832
Rv3742c,Rv3743c,4193246,4193390
Rv3743c,Rv3744,4195374,4195439
Rv3744,Rv3745c,4195803,4195885
Rv3745c,Rv3746c,4196099,4196170
Rv3746c,Rv3747,4196507,4196723
Rv3747,Rv3748,4197108,4197235
Rv3748,Rv3749c,4197596,4197627
Rv3749c,Rv3750c,4198138,4198204
Rv3750c,Rv3751,4198598,4198873
Rv3751,Rv3752c,4199090,4199246
Rv3752c,Rv3753c,4199706,4199720
Rv3753c,Rv3754,4200222,4200420
Rv3755c,Rv3756c,4201889,4201893
Rv3758c,Rv3759c,4204418,4204425
Rv3759c,Rv3760,4205374,4205537
Rv3760,Rv3761c,4205841,4205861
Rv3761c,Rv3762c,4206918,4206995
Rv3762c,Rv3763,4208877,4209046
Rv3763,Rv3764c,4209527,4209581
Rv3764c,Rv3765c,4211010,4211079
Rv3765c,Rv3766,4211785,4212292
Rv3766,Rv3767c,4212983,4212995
Rv3767c,Rv3768,4213941,4214069
Rv3768,Rv3769,4214430,4214614
Rv3769,Rv3770c,4214888,4215199
Rv3770c,Rv3770A,4215776,4215880
Rv3770A,Rv3770B,4216064,4216077
Rv3770B,Rv3771c,4216270,4216403
Rv3771c,Rv3772,4216731,4217133
Rv3772,Rv3773c,4218196,4218240
Rv3773c,Rv3774,4218826,4218848
Rv3774,Rv3775,4219674,4219684
Rv3775,Rv3776,4220933,4221088
Rv3776,Rv3777,4222649,4222693
Rv3777,Rv3778c,4223681,4223698
Rv3778c,Rv3779,4224896,4224984
Rv3779,Rv3780,4226986,4226988
Rv3780,Rv3781,4227526,4227528
Rv3783,Rv3784,4230101,4230255
Rv3784,Rv3785,4231237,4231319
Rv3786c,Rv3787c,4233598,4233609
Rv3787c,Rv3788,4234537,4234779
Rv3788,Rv3789,4235266,4235373
Rv3789,Rv3790,4235740,4235778
Rv3790,Rv3791,4237165,4237164
Rv3791,Rv3792,4237930,4237931
Rv3793,Rv3794,4243148,4243232
Rv3795,Rv3796,4249811,4249877
Rv3796,Rv3797,4251006,4251084
Rv3797,Rv3798,4252867,4252992
Rv3798,Rv3799c,4254328,4254379
Rv3800c,Rv3801c,4261147,4261152
Rv3801c,Rv3802c,4263067,4263354
Rv3802c,Rv3803c,4264366,4264562
Rv3803c,Rv3804c,4265463,4265641
Rv3804c,Rv3805c,4266659,4266952
Rv3805c,Rv3806c,4268837,4268924
Rv3806c,Rv3807c,4269834,4269839
Rv3807c,Rv3808c,4270338,4270365
Rv3809c,Rv3810,4273476,4273738
Rv3810,Rv3811,4274594,4274797
Rv3811,Rv3812,4276418,4276570
Rv3812,Rv3813c,4278086,4278393
Rv3813c,Rv3814c,4279216,4279229
Rv3814c,Rv3815c,4280016,4280032
Rv3815c,Rv3816c,4280789,4280791
Rv3816c,Rv3817,4281572,4281646
Rv3817,Rv3818,4282403,4282448
Rv3819,Rv3820c,4284332,4284418
Rv3820c,Rv3821,4285826,4285972
Rv3821,Rv3822,4286687,4286720
Rv3822,Rv3823c,4287936,4288259
Rv3823c,Rv3824c,4291530,4291638
Rv3824c,Rv3825c,4293175,4293224
Rv3825c,Rv3826,4299606,4299811
Rv3828c,Rv3829c,4303398,4303397
Rv3829c,Rv3830c,4305009,4305055
Rv3830c,Rv3831,4305686,4305756
Rv3832c,Rv3833,4306812,4306866
Rv3834c,Rv3835,4308915,4309046
Rv3835,Rv3836,4310397,4310400
Rv3836,Rv3837c,4310815,4311008
Rv3838c,Rv3839,4312670,4312764
Rv3839,Rv3840,4313542,4313566
Rv3840,Rv3841,4313981,4314177
Rv3841,Rv3842c,4314724,4314737
Rv3842c,Rv3843c,4315563,4315567
Rv3843c,Rv3844,4316597,4318774
Rv3844,Rv3845,4319267,4319280
Rv3845,Rv3846,4319641,4320703
Rv3846,Rv3847,4321328,4321537
Rv3847,Rv3848,4322072,4322325
Rv3848,Rv3849,4323235,4323498
Rv3849,Rv3850,4323898,4324014
Rv3850,Rv3851,4324672,4324682
Rv3851,Rv3852,4324968,4325073
Rv3852,Rv3853,4325479,4325494
Rv3853,Rv3854c,4325969,4326003
Rv3854c,Rv3855,4327474,4327548
Rv3855,Rv3856c,4328200,4328400
Rv3856c,Rv3857c,4329409,4329416
Rv3857c,Rv3858c,4329615,4330038
Rv3859c,Rv3860,4336082,4336776
Rv3862c,Rv3863,4338522,4338848
Rv3863,Rv3864,4340028,4340269
Rv3864,Rv3865,4341479,4341565
Rv3865,Rv3866,4341878,4341879
Rv3866,Rv3867,4342732,4342769
Rv3868,Rv3869,4345036,4345038
Rv3870,Rv3871,4348725,4348826
Rv3871,Rv3872,4350603,4350744
Rv3872,Rv3873,4351045,4351074
Rv3873,Rv3874,4352182,4352273
Rv3874,Rv3875,4352577,4352608
Rv3875,Rv3876,4352897,4353009
Rv3877,Rv3878,4356543,4356692
Rv3878,Rv3879c,4357536,4357592
Rv3879c,Rv3880c,4359783,4360198
Rv3881c,Rv3882c,4361926,4362031
Rv3883c,Rv3884c,4364758,4364978
Rv3884c,Rv3885c,4366839,4366907
Rv3888c,Rv3889c,4372707,4372799
Rv3889c,Rv3890c,4373631,4373725
Rv3890c,Rv3891c,4374014,4374048
Rv3891c,Rv3892c,4374373,4374483
Rv3892c,Rv3893c,4375684,4375761
Rv3893c,Rv3894c,4375996,4376261
Rv3894c,Rv3895c,4380453,4380452
Rv3895c,Rv3896c,4381941,4381942
Rv3896c,Rv3897c,4382852,4383007
Rv3897c,Rv3898c,4383641,4383652
Rv3898c,Rv3899c,4383986,4384146
Rv3900c,Rv3901c,4386309,4386364
Rv3901c,Rv3902c,4386815,4387364
Rv3903c,Rv3904c,4390433,4390436
Rv3904c,Rv3905c,4390710,4390719
Rv3905c,Rv3906c,4391032,4391096
Rv3906c,Rv3907c,4391607,4391630
Rv3907c,Rv3908,4393074,4393448
Rv3910,Rv3911,4400152,4400185
Rv3911,Rv3912,4400855,4400869
Rv3912,Rv3913,4401635,4401727
Rv3914,Rv3915,4403083,4403191
Rv3915,Rv3916c,4404413,4404432
Rv3916c,Rv3917c,4405168,4405456
Rv3919c,Rv3920c,4408203,4408333
Rv3920c,Rv3921c,4408898,4408968
Rv3924c,Chromosome_End,4410930,4411532
